:020000040800F2
:1000000000000220B1210008411A0008431A00082C
:10001000451A0008471A0008491A000800000000A5
:10002000000000000000000000000000C14E0008B9
:100030004B1A000800000000614F0008C54F00087F
:100040000122000801220008012200080122000804
:1000500001220008012200080122000801220008F4
:1000600001220008012200080122000801220008E4
:1000700001220008012200080122000801220008D4
:100080004D1A00085D1A0008012200080000000057
:100090000000000000000000000000000122000835
:1000A000012200086D1A0008012200080122000840
:1000B0000122000801220008012200080122000894
:1000C0000122000801220008012200080122000884
:1000D000012200087D1A00088D1A000800000000A7
:1000E000012200080122000801220008000000008F
:1000F00000000000000000000000000001220008D5
:10010000000000000122000801220008012200086E
:1001100000000000000000000000000000000000DF
:100120009D1A0008AD1A0008BD1A00080122000837
:100130000122000800000000000000000000000094
:100140000000000000000000000000000122000884
:1001500001220008CD1A0008DD1A0008ED1A000877
:100160000122000801220008000000000000000039
:10017000000000000000000000000000000000007F
:100180000000000001220008000000000000000044
:08019000012200080122000811
:1001C00010B5054C237833B9044B13B10448AFF391
:1001D00000800123237010BDC00900200000000032
:1001E000BCE3000808B5034B1BB103490348AFF358
:1001F000008008BD00000000C4090020BCE3000826
:1002000081F0004102E000BF83F0004330B54FEAC7
:1002100041044FEA430594EA050F08BF90EA020F34
:100220001FBF54EA000C55EA020C7FEA645C7FEAC7
:10023000655C00F0E2804FEA5454D4EB5555B8BFEA
:100240006D420CDD2C4480EA020281EA030382EA5B
:10025000000083EA010180EA020281EA0303362DED
:1002600088BF30BD11F0004F4FEA01314FF4801CC0
:100270004CEA113102D0404261EB410113F0004FD2
:100280004FEA03334CEA133302D0524263EB430389
:1002900094EA050F00F0A780A4F10104D5F1200E27
:1002A0000DDB02FA0EFC22FA05F2801841F1000182
:1002B00003FA0EF2801843FA05F359410EE0A5F156
:1002C00020050EF1200E012A03FA0EFC28BF4CF087
:1002D000020C43FA05F3C01851EBE37101F000453D
:1002E00007D54FF0000EDCF1000C7EEB00006EEB4A
:1002F0000101B1F5801F1BD3B1F5001F0CD34908D4
:100300005FEA30004FEA3C0C04F101044FEA44522A
:1003100012F5800F80F09A80BCF1004F08BF5FEAB1
:10032000500C50F1000041EB045141EA050130BD91
:100330005FEA4C0C404141EB0101013C28BFB1F5A3
:10034000801FE9D291F0000F04BF01460020B1FAEE
:1003500081F308BF2033A3F10B03B3F120020CDAC1
:100360000C3208DD02F1140CC2F10C0201FA0CF09F
:1003700021FA02F10CE002F11402D8BFC2F1200C04
:1003800001FA02F120FA0CFCDCBF41EA0C019040BA
:10039000E41AA2BF01EB0451294330BD6FEA040403
:1003A0001F3C1CDA0C340EDC04F11404C4F12002EE
:1003B00020FA04F001FA02F340EA030021FA04F300
:1003C00045EA030130BDC4F10C04C4F1200220FA57
:1003D00002F001FA04F340EA0300294630BD21FA95
:1003E00004F0294630BD94F0000F83F4801306BF5B
:1003F00081F480110134013D4EE77FEA645C18BF4F
:100400007FEA655C29D094EA050F08BF90EA020FE5
:1004100005D054EA000C04BF1946104630BD91EADD
:10042000030F1EBF0021002030BD5FEA545C05D1E0
:100430004000494128BF41F0004130BD14F580041F
:100440003CBF01F5801130BD01F0004545F0FE4193
:1004500041F470014FF0000030BD7FEA645C1ABFC8
:10046000194610467FEA655C1CBF0B46024650EAFF
:10047000013406BF52EA033591EA030F41F400212B
:1004800030BD00BF90F0000F04BF0021704730B5B1
:100490004FF4806404F132044FF000054FF0000186
:1004A00050E700BF90F0000F04BF0021704730B547
:1004B0004FF4806404F1320410F0004548BF40421C
:1004C0004FF000013EE700BF42004FEAE2014FEA71
:1004D00031014FEA02701FBF12F07F4393F07F4F4C
:1004E00081F06051704732F07F4208BF704793F04F
:1004F0007F4F04BF41F40021704730B54FF4607462
:1005000001F0004521F000411CE700BF50EA010264
:1005100008BF704730B54FF000050AE050EA01020D
:1005200008BF704730B511F0004502D5404261EB7D
:1005300041014FF4806404F132045FEA915C3FF4BE
:10054000D8AE4FF003025FEADC0C18BF03325FEA5B
:10055000DC0C18BF033202EBDC02C2F1200300FA0C
:1005600003FC20FA02F001FA03FE40EA0E0021FA31
:1005700002F11444BDE600BF70B54FF0FF0C4CF41F
:10058000E06C1CEA11541DBF1CEA135594EA0C0FD1
:1005900095EA0C0F00F0DEF82C4481EA030621EA0C
:1005A0004C5123EA4C5350EA013518BF52EA033547
:1005B00041F4801143F4801338D0A0FB02CE4FF0F9
:1005C0000005E1FB02E506F00042E0FB03E54FF029
:1005D0000006E1FB03569CF0000F18BF4EF0010E21
:1005E000A4F1FF04B6F5007F64F5407404D25FEA1D
:1005F0004E0E6D4146EB060642EAC62141EA5551D0
:100600004FEAC52040EA5E504FEACE2EB4F1FD0C11
:1006100088BFBCF5E06F1ED8BEF1004F08BF5FEA8F
:10062000500E50F1000041EB045170BD06F0004641
:1006300046EA010140EA020081EA0301B4EB5C04EE
:10064000C2BFD4EB0C0541EA045170BD41F48011E6
:100650004FF0000E013C00F3AB8014F1360FDEBF0B
:10066000002001F0004170BDC4F10004203C35DAE7
:100670000C341BDC04F11404C4F1200500FA05F36A
:1006800020FA04F001FA05F240EA020001F000420B
:1006900021F0004110EBD37021FA04F642EB060181
:1006A0005EEA430E08BF20EAD37070BDC4F10C04AB
:1006B000C4F1200500FA04F320FA05F001FA04F26F
:1006C00040EA020001F0004110EBD37041F100015B
:1006D0005EEA430E08BF20EAD37070BDC4F1200566
:1006E00000FA05F24EEA020E20FA04F301FA05F2CE
:1006F00043EA020321FA04F001F0004121FA04F276
:1007000020EA020000EBD3705EEA430E08BF20EA45
:10071000D37070BD94F0000F0FD101F0004640007F
:1007200041EB010111F4801F08BF013CF7D041EA01
:10073000060195F0000F18BF704703F00046520005
:1007400043EB030313F4801F08BF013DF7D043EAD6
:100750000603704794EA0C0F0CEA135518BF95EA8C
:100760000C0F0CD050EA410618BF52EA4306D1D113
:1007700081EA030101F000414FF0000070BD50EA32
:10078000410606BF1046194652EA430619D094EABC
:100790000C0F02D150EA013613D195EA0C0F05D1A6
:1007A00052EA03361CBF104619460AD181EA0301FA
:1007B00001F0004141F0FE4141F470014FF00000B2
:1007C00070BD41F0FE4141F4780170BD70B54FF04D
:1007D000FF0C4CF4E06C1CEA11541DBF1CEA1355CD
:1007E00094EA0C0F95EA0C0F00F0A7F8A4EB0504AF
:1007F00081EA030E52EA03354FEA013100F08880A6
:100800004FEA03334FF0805545EA131343EA12636E
:100810004FEA022245EA111545EA10654FEA002623
:100820000EF000419D4208BF964244F1FD0404F5DC
:10083000407402D25B084FEA3202B61A65EB030538
:100840005B084FEA32024FF480104FF4002CB6EBF5
:10085000020E75EB030E22BFB61A754640EA0C0075
:100860005B084FEA3202B6EB020E75EB030E22BFB5
:10087000B61A754640EA5C005B084FEA3202B6EBF6
:10088000020E75EB030E22BFB61A754640EA9C00B5
:100890005B084FEA3202B6EB020E75EB030E22BF85
:1008A000B61A754640EADC0055EA060E18D04FEA43
:1008B000051545EA16754FEA06164FEAC30343EAE3
:1008C00052734FEAC2025FEA1C1CC0D111F4801FB0
:1008D0000BD141EA00014FF000004FF0004CB6E7A9
:1008E00011F4801F04BF01430020B4F1FD0C88BF48
:1008F000BCF5E06F3FF6AFAEB5EB030C04BFB6EB53
:10090000020C5FEA500C50F1000041EB045170BD45
:100910000EF0004E4EEA113114EB5C04C2BFD4EB72
:100920000C0541EA045170BD41F480114FF0000EF6
:10093000013C90E645EA060E8DE60CEA135594EA72
:100940000C0F08BF95EA0C0F3FF43BAF94EA0C0F75
:100950000AD150EA01347FF434AF95EA0C0F7FF4EA
:1009600025AF104619462CE795EA0C0F06D152EA3E
:1009700003353FF4FDAE1046194622E750EA410622
:1009800018BF52EA43067FF4C5AE50EA41047FF433
:100990000DAF52EA43057FF4EBAE12E780F0004062
:1009A00002E000BF81F0004142001FBF5FEA410347
:1009B00092EA030F7FEA226C7FEA236C6AD04FEA47
:1009C0001262D2EB1363C1BFD2184140484041408C
:1009D000B8BF5B42192B88BF704710F0004F40F43E
:1009E000000020F07F4018BF404211F0004F41F45A
:1009F000000121F07F4118BF494292EA030F3FD026
:100A0000A2F1010241FA03FC10EB0C00C3F1200338
:100A100001FA03F100F0004302D5494260EB4000C7
:100A2000B0F5000F13D3B0F1807F06D340084FEA32
:100A3000310102F10102FE2A51D2B1F1004F40EB27
:100A4000C25008BF20F0010040EA0300704749008F
:100A500040EB0000013A28BFB0F5000FEDD2B0FA2C
:100A600080FCACF1080CB2EB0C0200FA0CF0AABF4F
:100A700000EBC25052421843BCBFD04018437047ED
:100A800092F0000F81F4000106BF80F400000132F3
:100A9000013BB5E74FEA41037FEA226C18BF7FEACA
:100AA000236C21D092EA030F04D092F0000F08BF0C
:100AB0000846704790EA010F1CBF0020704712F0F3
:100AC0007F4F04D1400028BF40F00040704712F132
:100AD00000723CBF00F50000704700F0004343F097
:100AE000FE4040F4000070477FEA226216BF0846CD
:100AF0007FEA23630146420206BF5FEA412390EA90
:100B0000010F40F4800070474FF0000304E000BF85
:100B100010F0004348BF40425FEA000C08BF704736
:100B200043F0964301464FF000001CE050EA0102FA
:100B300008BF70474FF000030AE000BF50EA01020F
:100B400008BF704711F0004302D5404261EB4101FC
:100B50005FEA010C02BF84460146002043F0B64321
:100B600008BFA3F18053A3F50003BCFA8CF2083A46
:100B7000A3EBC25310DB01FA02FC634400FA02FC4F
:100B8000C2F12002BCF1004F20FA02F243EB020056
:100B900008BF20F00100704702F1200201FA02FCB8
:100BA000C2F1200250EA4C0021FA02F243EB0200AB
:100BB00008BF20EADC70704753B94AB9002908BF62
:100BC00000281CBF4FF0FF314FF0FF3000F074B928
:100BD000ADF1080C6DE904CE00F006F8DDF804E094
:100BE000DDE9022304B070472DE9F047089D044673
:100BF0008E46002B4DD18A42944669D9B2FA82F2D0
:100C000052B101FA02F3C2F1200120FA01F10CFA0B
:100C100002FC41EA030E94404FEA1C48210CBEFB43
:100C2000F8F61FFA8CF708FB16E341EA034306FBCC
:100C300007F199420AD91CEB030306F1FF3080F05B
:100C40001F81994240F21C81023E63445B1AA4B2A8
:100C5000B3FBF8F008FB103344EA034400FB07F74A
:100C6000A7420AD91CEB040400F1FF3380F00A818B
:100C7000A74240F207816444023840EA0640E41B80
:100C800000261DB1D4400023C5E900433146BDE82C
:100C9000F0878B4209D9002D00F0EF800026C5E9CE
:100CA000000130463146BDE8F087B3FA83F6002EE6
:100CB0004AD18B4202D3824200F2F980841A61EB5E
:100CC000030301209E46002DE0D0C5E9004EDDE77C
:100CD00002B9FFDEB2FA82F2002A40F09280A1EB64
:100CE0000C014FEA1C471FFA8CFE0126200CB1FBB9
:100CF000F7F307FB131140EA01410EFB03F08842B2
:100D000008D91CEB010103F1FF3802D2884200F23E
:100D1000CB804346091AA4B2B1FBF7F007FB1011D0
:100D200044EA01440EFB00FEA64508D91CEB04046E
:100D300000F1FF3102D2A64500F2BB800846A4EBC9
:100D40000E0440EA03409CE7C6F12007B34022FAB4
:100D500007FC4CEA030C20FA07F401FA06F31C43E3
:100D6000F9404FEA1C4900FA06F3B1FBF9F8200CF0
:100D70001FFA8CFE09FB181140EA014108FB0EF036
:100D8000884202FA06F20BD91CEB010108F1FF3A86
:100D900080F08880884240F28580A8F10208614492
:100DA000091AA4B2B1FBF9F009FB101144EA0141A0
:100DB00000FB0EFE8E4508D91CEB010100F1FF344B
:100DC0006CD28E456AD90238614440EA0840A0FBE3
:100DD0000294A1EB0E01A142C846A64656D353D0B9
:100DE0005DB1B3EB080261EB0E0101FA07F722FADD
:100DF00006F3F1401F43C5E9007100263146BDE806
:100E0000F087C2F12003D8400CFA02FC21FA03F368
:100E1000914001434FEA1C471FFA8CFEB3FBF7F0E9
:100E200007FB10360B0C43EA064300FB0EF69E420E
:100E300004FA02F408D91CEB030300F1FF382FD2A7
:100E40009E422DD9023863449B1B89B2B3FBF7F64F
:100E500007FB163341EA034106FB0EF38B4208D928
:100E60001CEB010106F1FF3816D28B4214D9023E69
:100E70006144C91A46EA004638E72E46284605E787
:100E80000646E3E61846F8E64B45A9D2B9EB020858
:100E900064EB0C0E0138A3E74646EAE7204694E7E8
:100EA0004046D1E7D0467BE7023B614432E730461B
:100EB00009E76444023842E7704700BF844641EACC
:100EC000000313F003036DD1403A41D351F8043BC2
:100ED00040F8043B51F8043B40F8043B51F8043B14
:100EE00040F8043B51F8043B40F8043B51F8043B04
:100EF00040F8043B51F8043B40F8043B51F8043BF4
:100F000040F8043B51F8043B40F8043B51F8043BE3
:100F100040F8043B51F8043B40F8043B51F8043BD3
:100F200040F8043B51F8043B40F8043B51F8043BC3
:100F300040F8043B51F8043B40F8043B51F8043BB3
:100F400040F8043B51F8043B40F8043B403ABDD222
:100F5000303211D351F8043B40F8043B51F8043BC4
:100F600040F8043B51F8043B40F8043B51F8043B83
:100F700040F8043B103AEDD20C3205D351F8043B53
:100F800040F8043B043AF9D2043208D0D2071CBF1F
:100F900011F8013B00F8013B01D30B880380604648
:100FA000704700BF082A13D38B078DD010F00303BE
:100FB0008AD0C3F10403D21ADB071CBF11F8013B2E
:100FC00000F8013B80D331F8023B20F8023B7BE77D
:100FD000043AD9D3013A11F8013B00F8013BF9D2A8
:100FE0000B7803704B7843708B7883706046704742
:100FF00001F0FF01102A2BDB10F0070F08D010F8CA
:10100000013B013A8B422DD010F0070F42B3F6D1CD
:10101000F0B441EA012141EA014122F007047FF0E6
:1010200000070023F0E80256083C85EA010586EA3D
:10103000010685FA47F5A3FA87F586FA47F6A5FA79
:1010400087F68EB9EED1F0BC01F0FF0102F0070285
:1010500032B110F8013B013A83EA010313B1F8D130
:101060000020704701387047002D06BF3546033811
:10107000073815F0010F07D1013015F4807F02BF4A
:10108000013015F4C03F0130F0BC0138704700BF9B
:101090000000000000000000000000000000000050
:1010A0000000000000000000000000000000000040
:1010B0000000000000000000000000000000000030
:1010C00090F800F06DE9024520F007016FF0000C88
:1010D00010F0070491F820F040F049804FF0000430
:1010E0006FF00700D1E9002391F840F000F108000B
:1010F00082FA4CF2A4FA8CF283FA4CF3A2FA8CF343
:101100004BBBD1E9022382FA4CF200F10800A4FAA9
:101110008CF283FA4CF3A2FA8CF3E3B9D1E90423FD
:1011200082FA4CF200F10800A4FA8CF283FA4CF334
:10113000A2FA8CF37BB9D1E9062301F1200182FAEE
:101140004CF200F10800A4FA8CF283FA4CF3A2FAF4
:101150008CF3002BC6D0002A04BF04301A4612BA02
:10116000B2FA82F2FDE8024500EBD2007047D1E905
:10117000002304F00305C4F100004FEAC50514F094
:10118000040F91F840F00CFA05F562EA05021CBF65
:1011900063EA050362464FF00004A9E74FF0FF3C05
:1011A00006E000BF4FF0010C02E000BF4FF0010C61
:1011B0004DF804CD4FEA410C7FEA6C5C4FEA430CDA
:1011C00018BF7FEA6C5C1BD001B050EA410C0CBF29
:1011D00052EA430C91EA030F02BF90EA020F00208B
:1011E000704710F1000F91EA030F58BF994208BFF2
:1011F00090422CBFD8176FEAE37040F001007047AF
:101200004FEA410C7FEA6C5C02D150EA013C07D105
:101210004FEA430C7FEA6C5CD6D152EA033CD3D050
:101220005DF8040B704700BF8446104662468C464A
:101230001946634600E000BF01B5FFF7B7FF00287D
:1012400048BF10F1000F01BD4DF808EDFFF7F4FFA6
:101250000CBF012000205DF808FB00BF4DF808ED31
:10126000FFF7EAFF34BF012000205DF808FB00BF54
:101270004DF808EDFFF7E0FF94BF012000205DF876
:1012800008FB00BF4DF808EDFFF7CEFF94BF01202B
:1012900000205DF808FB00BF4DF808EDFFF7C4FF24
:1012A00034BF012000205DF808FB00BF4FEA410C6D
:1012B0007FEA6C5C02D150EA013C0AD14FEA430C50
:1012C0007FEA6C5C02D152EA033C02D14FF000008D
:1012D00070474FF0010070474FEA410212F50012CB
:1012E00015D211D56FF47873B3EB625212D94FEA6D
:1012F000C12343F0004343EA505311F0004F23FA57
:1013000002F018BF404270474FF00000704750EAAB
:10131000013005D111F0004008BF6FF00040704768
:101320004FF00000704700BF00B585B00023009368
:101330000193029303931548154A02604FF48032DB
:10134000426083600361037680F82030C362114AF3
:101350008262C3600123C36180F83030436101F0D1
:101360002BF860B900230093012201920293694691
:10137000064801F04DF828B905B05DF804FB00F00F
:1013800079FAEFE700F076FAF6E700BFDC09002013
:10139000002001400100000F30B589B00023039305
:1013A0000493059306930793026803F1804303F5C2
:1013B00090339A4201D009B030BD04460025019512
:1013C00003F58C335A6C42F480725A645A6C02F4FE
:1013D00080720192019A02951A6B42F001021A631F
:1013E0001B6B03F001030293029B0123039303236E
:1013F000049303A9104801F09FFB1048104B0360B1
:1014000045608560C5604FF4806303614FF40063FD
:1014100043614FF4005383614FF48073C3610562ED
:10142000456201F0A3F918B9044BA3639C63C2E7BA
:1014300000F020FAF8E700BF00000240240A002074
:101440001064024010B582B000240094264B1A6B41
:1014500042F480021A631A6B02F480020092009A2E
:1014600001941A6B42F400121A631B6B03F400130D
:101470000193019B22460521102001F0B1F81020B4
:1014800001F0E6F822460521112001F0A9F811200B
:1014900001F0DEF822460521382001F0A1F83820BD
:1014A00001F0D6F822460521392001F099F83920BB
:1014B00001F0CEF8224605213A2001F091F83A20B9
:1014C00001F0C6F822460521452001F089F84520A3
:1014D00001F0BEF822460521462001F081F84620A1
:1014E00001F0B6F802B010BD00380240034B0360B3
:1014F000034B0B6080231360704700BF900C0020EB
:10150000900A002010B596B01B4C0DF13C0CA6467D
:10151000BEE80F00ACE80F009EE807008CE807006B
:1015200000210FA803F0FEFB144B18600DF1200CF6
:1015300004F11C0EBEE80F00ACE80F009EE80700A7
:101540008CE80700002108A803F0ECFB0C4B1860A6
:101550000DF1040E04F1380CBCE80F00AEE80F00EA
:101560009CE807008EE80700002101A803F0DAFBE1
:10157000044B186016B010BDD8E300088C0A002098
:10158000840A0020880A0020F0B589B00024039462
:1015900004940594069407940094214B1A6B42F02E
:1015A00080021A631A6B02F080020092009A019482
:1015B0001A6B42F001021A631A6B02F001020192E7
:1015C000019A02941A6B42F002021A631B6B03F039
:1015D00002030293029B134F22468021384601F0FA
:1015E0008BFB114D01224FF20631284601F084FB9E
:1015F00080230393012604960594069403A9384694
:1016000001F09AFA4FF206330393112304930596DF
:101610000323069303A9284601F08EFA09B0F0BD12
:1016200000380240000002400004024008B50B48A8
:101630000B4B03600B4B436000238360C3604FF48C
:101640008042026143618361C361036201F048FD2E
:1016500000B908BD00F00EF9FBE700BFE40C002064
:1016600000540040801A060008B50B480B4B03607D
:101670000B4B436000238360C3604FF480420261E0
:1016800043618361C361036201F02AFD00B908BDB3
:1016900000F0F0F8FBE700BF380D002000580040D4
:1016A000801A060008B50B480B4B03600B4B4360D8
:1016B00000238360C3604FF4804202614361836111
:1016C000C361036201F00CFD00B908BD00F0D2F85F
:1016D000FBE700BF8C0D0020005C0040801A060074
:1016E0002DE9F0438DB000230793089309930A93E3
:1016F0000B930368534A934208D0534A93422AD02B
:10170000524A93425FD00DB0BDE8F08300250095AA
:101710004F4C236B43F002032363236B03F002035C
:101720000093009BC023079312230893012309937E
:1017300003230A9304230B9307A9464801F0FCF9FD
:101740000195236C43F400132364236C03F400130A
:101750000193019BD7E7002502953D4C236B43F095
:1017600002032363236B03F002030293029B4FF4F3
:10177000806307934FF01209CDF820904FF00108D5
:10178000CDF8248003270A9704230B93314E07A931
:10179000304601F0D1F908230793CDF82090CDF819
:1017A00024800A9709230B9307A9304601F0C4F956
:1017B0000395236C43F480032364236C03F48003B8
:1017C0000393039B9FE700250495214C236B43F073
:1017D00001032363236B03F001030493049B05952A
:1017E000236B43F002032363236B03F0020305938F
:1017F000059B4FF4807307934FF01208CDF82080BB
:101800000127099703260A9604230B9307A9124878
:1018100001F092F910230793CDF8208009970A96DA
:1018200009230B9307A90B4801F086F90695236C51
:1018300043F400032364236C03F400030693069B24
:1018400061E700BF0054004000580040005C0040C9
:1018500000380240000402400000024008B502685F
:10186000034B9A4200D008BD00F0E6FCFBE700BF46
:101870000044014072B6FEE700B595B03022002169
:1018800008A806F07BFD00230393049305930693B9
:10189000079301931F4A116C41F080511164126C3F
:1018A00002F080520192019A02931B4B1A6842F493
:1018B00040421A601B6803F440430293029B0123D9
:1018C00008934FF48033099302230E934FF4800260
:1018D0000F92062210926422119212930423139302
:1018E00008A801F057FE88B90F230393022304933D
:1018F000002305934FF4805206920793032103A817
:1019000002F096F820B915B05DF804FBFFF7B2FFBE
:10191000FFF7B0FF003802400070004008B500F04B
:1019200071FCFFF7A9FFFFF72FFEFFF78BFD00F01B
:101930008BFAFFF77BFEFFF797FEFFF7B3FE00F091
:101940009FFA00F0B7FAFFF7EFFC00F0FBF900F0A8
:1019500039FA00F03BF906F0FFFAFFF7D3FD03F088
:10196000DCF9FEE700B583B0002200920D4B596C04
:1019700041F480415964596C01F48041009100990F
:101980000192196C41F0805119641B6C03F0805373
:101990000193019B0F216FF0010000F021FE03B0C5
:1019A0005DF804FB0038024030B589B005460024DC
:1019B00001941E4B5A6C42F400325A645B6C03F47F
:1019C00000330193019B02A903A802F007F902F07A
:1019D000F5F803461648A0FB03239B0C013B154872
:1019E000154A026040F2E732C260436004618460DD
:1019F000846102F03DFB044610B1204609B030BDC1
:101A00000C4802F0F3F904460028F6D1192000F042
:101A10001FFE0F2D01D90124EFE7002229461920CE
:101A200000F0DEFD054B1D60E7E700BF0038024017
:101A300083DE1B43E00D002000440140080000202D
:101A4000FEE7FEE7FEE7FEE7FEE7704708B502485F
:101A500000F084FF08BD00BFC40F002008B5024895
:101A600000F07CFF08BD00BF2410002008B502482C
:101A700002F0FCF908BD00BFE00D002008B50248E7
:101A800002F00AFF08BD00BF4411002008B502485B
:101A900002F002FF08BD00BF8C11002008B502480B
:101AA00000F05CFF08BD00BF240A002008B5024812
:101AB00000F054FF08BD00BF8410002008B50248A4
:101AC00000F04CFF08BD00BF040F002008B502481D
:101AD00000F044FF08BD00BFE410002008B5024834
:101AE00000F03CFF08BD00BF640F002008B50248AD
:101AF00002F0D2FE08BD00BFD411002001207047C3
:101B000008B506F011FC162303604FF0FF3008BD46
:101B100008B54FF0FF31FFF7F3FFFEE770B50C4655
:101B20001646002506E0AFF30080214601F8010BC0
:101B300001350C46B542F6DB304670BD70B50C463B
:101B40001646002504E014F8010BAFF300800135C0
:101B5000B542F8DB304670BD4FF0FF3070474FF4B0
:101B600000534B60002070470120704700207047F1
:101B700010B503460C4A0D490D48006840B10C48A9
:101B800000680344521A934206D8094A136010BDF4
:101B90000748084C0460F2E706F0C6FB0C2303601C
:101BA0004FF0FF30F3E700BF0000022000100000FC
:101BB000280E002080A50020034AD2F8883043F484
:101BC0007003C2F88830704700ED00E000B587B0C0
:101BD0000023029303930493059300930193154804
:101BE0004FF0804202606322426083604FF0FF3218
:101BF000C2600361836102F03BFA90B94FF48053F5
:101C0000029302A90B4802F038FB68B90023009345
:101C100001936946074802F0AFFB40B907B05DF891
:101C200004FBFFF727FEE9E7FFF724FEEEE7FFF7E7
:101C300021FEF3E72C0E00200368B3F1804F00D0A3
:101C4000704782B000230193054B1A6C42F00102E9
:101C50001A641B6C03F001030193019B02B07047EF
:101C60000038024082B00368104A934204D0104A00
:101C700093420ED002B07047002300930D4B1A6CB4
:101C800042F002021A641B6C03F002030093009BF3
:101C9000F0E700230193074B1A6C42F008021A6424
:101CA0001B6C03F008030193019BE3E70004004071
:101CB000000C00400038024000B589B000230393B7
:101CC000049305930693079303681A4A934205D039
:101CD000194A934218D009B05DF804FB0023019320
:101CE000164B1A6B42F001021A631B6B03F00103DF
:101CF0000193019B4023039302230493079303A9B9
:101D00000F4800F019FFE6E7002302930B4B1A6B14
:101D100042F001021A631B6B03F001030293029B62
:101D2000022303930493079303A9054800F004FFDB
:101D3000D1E700BF00040040000C00400038024022
:101D40000000024000B58BB0002308930993019373
:101D50000293039304930593069307931748184A35
:101D60000260436083604FF6FF72C260036183616B
:101D700002F0AAF9C0B900230893099308A90F48F3
:101D800002F0FAFA98B960230193002202920392BA
:101D9000059201A9094802F0F5F958B90748FFF77B
:101DA0008BFF0BB05DF804FBFFF764FDE3E7FFF783
:101DB00061FDE8E7FFF75EFDF0E700BF740E00206D
:101DC0000004004000B58BB00023089309930193F1
:101DD0000293039304930593069307931848194AB3
:101DE0000260436083604FF0FF32C2600361836131
:101DF00002F06AF9D0B900230893099308A91048A2
:101E000002F0BAFAA8B96023019300230293039366
:101E1000059304220DEB0201094802F0B3F958B909
:101E20000748FFF749FF0BB05DF804FBFFF722FD01
:101E3000E1E7FFF71FFDE6E7FFF71CFDF0E700BF56
:101E4000BC0E0020000C004008B50A480A4B036095
:101E50000A4B436000238360C36003610C2242612C
:101E60008361C36102F0BEFB00B908BDFFF702FD4C
:101E7000FBE700BF441100200010014040420F006A
:101E800008B50A480A4B03604FF4612343600023FE
:101E90008360C36003610C2242618361C36102F00D
:101EA000A1FB00B908BDFFF7E5FCFBE78C110020A2
:101EB0000044004008B50A480A4B03604FF4E13380
:101EC000436000238360C36003610C22426183612D
:101ED000C36102F087FB00B908BDFFF7CBFCFBE74D
:101EE000D41100200014014030B58DB00446002309
:101EF0000793089309930A930B9303689B4A9342B1
:101F000008D09B4A934269D09A4A934200F0C98014
:101F10000DB030BD00250195974B5A6C42F0100270
:101F20005A645A6C02F010020192019A02951A6BDF
:101F300042F001021A631B6B03F001030293029B40
:101F40004FF4C06307930223089303230A930723E4
:101F50000B9307A9894800F0EFFD8948894B03607E
:101F60004FF0006343608560C5604FF48063036198
:101F700045618561C5614FF480330362456200F0BD
:101F8000F5FB28BB7E4BE3639C637F487F4B03607C
:101F90004FF000634360402383600023C3604FF42D
:101FA0008062026143618361C3614FF480320262E7
:101FB000436200F0DBFB70B9734BA3639C630022A8
:101FC0000521252000F00CFB252000F041FB9FE7B8
:101FD000FFF750FCD6E7FFF74DFCEDE70025039532
:101FE000654B1A6C42F400321A641A6C02F4003227
:101FF0000392039A04951A6B42F001021A631B6B59
:1020000003F001030493049B0C230793022308931A
:1020100003230A9307230B9307A9584800F08CFD6C
:102020005B485C4B03604FF0006343608560C560B4
:102030004FF48063036145618561C5614FF44033AE
:102040000362456200F092FB28BB514BE3639C6343
:102050005148524B03604FF000634360402383605C
:102060000023C3604FF48062026143618361C361F6
:102070004FF440320262436200F078FB70B9464B85
:10208000A3639C6300220521262000F0A9FA2620E4
:1020900000F0DEFA3CE7FFF7EDFBD6E7FFF7EAFBDF
:1020A000EDE700250595344B5A6C42F020025A6446
:1020B0005A6C02F020020592059A06951A6B42F0BE
:1020C00001021A631B6B03F001030693069B4FF496
:1020D000C05307930223089303230A9308230B9307
:1020E00007A9264800F028FD2D482E4B03604FF02D
:1020F0002063436040238360C5604FF480630361C5
:1021000045618561C5614FF440330362456200F06B
:102110002DFB20BB224BA3639C632348234B03600E
:102120004FF02063436000238360C3604FF48062FC
:10213000026143618361C3614FF4403202624362D2
:1021400000F014FB70B9184BE3639C630022052177
:10215000472000F045FA472000F07AFAD8E6FFF76A
:1021600089FBD7E7FFF786FBEDE700BF00100140D2
:1021700000440040001401400038024000000240CA
:10218000040F002040640240640F0020B864024045
:10219000C40F00208860024024100020A06002408C
:1021A000E4100020A0640240841000202864024053
:1021B000DFF834D0FFF700FD0C480D490D4A00232D
:1021C00002E0D458C4500433C4188C42F9D30A4AEC
:1021D0000A4C002301E013600432A242FBD306F054
:1021E000A9F8FFF79BFB70470000022000000020C9
:1021F000C00900200CEC0008C009002080A50020C8
:10220000FEE7000008B50B4B1A6842F400721A6032
:102210001A6842F480621A601A6842F480721A6086
:10222000032000F0CBF90520FFF7BEFBFFF79AFB78
:10223000002008BD003C0240034A1168034B1B7894
:102240000B441360704700BF1C12002004000020E4
:10225000014B1868704700BF1C12002038B50446B7
:10226000FFF7F6FF0546B4F1FF3F02D0044B1B78A1
:102270001C44FFF7EDFF401BA042FAD338BD00BF5E
:10228000040000204A4B5A6822F440325A605A68CF
:1022900041680A435A600268536823F480735360AC
:1022A00002685368016943EA012353600268536876
:1022B00023F0407353600268536881680B43536096
:1022C0000268936823F40063936002689368C168AE
:1022D0000B439360826A374B9A4257D002689368E7
:1022E00023F07063936002689368816A0B43936084
:1022F0000268936823F04053936002689368C16A50
:102300000B4393600268936823F0020393600268B2
:102310009368017E43EA4103936090F82030002BDC
:102320003FD00268536843F4006353600268536807
:1023300023F46043536001684B68426A013A43EA00
:1023400042334B600268D36A23F47003D36201689E
:10235000CB6AC269013A43EA0253CB6202689368CE
:1023600023F4007393600268936890F8301043EA96
:10237000412393600268936823F48063936002684A
:102380009368416943EA81239360704702689368C8
:1023900023F0706393600268936823F04053936066
:1023A000B0E70268536823F400635360CAE700BFD4
:1023B000002301400100000F38B310B50446036C40
:1023C00043B1236C13F0100F0BD00120002384F8CD
:1023D0003C3010BDFEF7E0FF0023636484F83C301E
:1023E000EFE7236C23F4885323F0020343F0020346
:1023F00023642046FFF746FF00206064236C23F02F
:10240000030343F001032364E0E701207047000069
:1024100030B482B00023019390F83C30012B00F0DF
:10242000C080012380F83C300B68092B41D9046837
:10243000E2689BB203EB43031E3B4FF0070C0CFA20
:1024400003F322EA0303E3600468E2680B8803EB0A
:1024500043031E3B8D6805FA03F31343E3604B68A7
:10246000062B3DD80468626B03EB8303053B4FF0FA
:102470001F0C0CFA03F322EA030363630468626B24
:102480004B6803EB8303053BB1F800C00CFA03F380
:10249000134363630268444B9A4251D00268424B33
:1024A0009A425AD0002380F83C30184602B030BC23
:1024B0007047046822699BB203EB43034FF0070C9B
:1024C0000CFA03F322EA03032361046822690B88F0
:1024D00003EB43038D6805FA03F313432361BEE75F
:1024E0000C2B16D805682A6B03EB8303233B1F24B0
:1024F00004FA03F322EA03032B6305682A6B4B6893
:1025000003EB8303233B0C8804FA03F313432B638D
:10251000C0E70568EA6A03EB8303413B1F2404FA22
:1025200003F322EA0303EB620568EA6A4B6803EBF4
:102530008303413B0C8804FA03F31343EB62A9E7DE
:102540000B68122BAAD1194B5A6822F400025A6068
:102550005A6842F480025A60A0E70B68144A93421A
:1025600001D0112B9ED1114B5A6822F480025A607F
:102570005A6842F400025A600A680D4B9A4291D19F
:102580000C4B1B680C4AA2FB03239B0C03EB83033D
:102590005B000193019B002B84D0019B013B0193C5
:1025A000F8E7022082E700BF00200140002301403D
:1025B000120000100000002083DE1B43074AD3688E
:1025C00023F4E0631B041B0C000200F4E0600343EF
:1025D00043F0BF6343F40033D360704700ED00E085
:1025E00000B5194BDB68C3F30223C3F1070CBCF140
:1025F000040F28BF4FF0040C03F1040EBEF1060FC8
:1026000018D9033B4FF0FF3E0EFA0CFC21EA0C01F7
:1026100099400EFA03F322EA0303194300280BDB67
:102620000901C9B200F1604000F5614080F8001373
:102630005DF804FB0023E5E700F00F000901C9B2D3
:10264000024B1954F4E700BF00ED00E014ED00E088
:10265000002807DB00F01F02400901239340024AD3
:1026600042F82030704700BF00E100E030B4056858
:102670002C6824F480242C60046863608368402BF9
:1026800005D0036899600368DA6030BC704703685E
:102690009A600368D960F8E710B40368D9B21039BA
:1026A0000C4AA2FB014212090B4CA25CC2655F29D5
:1026B00009D923F47F7323F0030304338365806D0A
:1026C0005DF8044B704723F47F7323F003038365A5
:1026D000F5E700BFABAAAAAA6CE40008836A826986
:1026E00092B9012B0AD0022B02D00BB10020704707
:1026F000C36A13F0807F28D100207047C36AB3F10A
:10270000C07F24D000207047B2F5005F09D0022BB3
:1027100025D9032B25D1C36A13F0807F23D1002054
:102720007047032B03D8DFE803F01404140A0020D9
:102730007047C36A13F0807F0DD100207047C36AD1
:10274000B3F1C07F09D000207047012070470120FD
:102750007047012070470120704701207047012019
:1027600070470020704701207047000070B5044694
:10277000FFF76EFD002C5BD00546022384F8353050
:10278000002384F834302268136823F001031360B7
:1027900023681A6812F0010F0AD0FFF759FD431B96
:1027A000052BF5D920236365032084F8350070BD1F
:1027B0001A68204810406168A2680A43E1680A4329
:1027C00021690A4361690A43A1690A43E1690A432D
:1027D000216A0A430243616A04291ED01A602668EE
:1027E000756925F00705636A1D43042B07D1A36AA9
:1027F0001D43E36A1BB12046FFF770FF90B9756176
:102800002046FFF749FFE26D3F239340836000209D
:102810006065012384F83530C9E7E16A206B014324
:102820000A43DBE740236365012084F83500BEE7F7
:102830000120BCE73F8010F038B50446856D90F864
:10284000340001282BD0012084F8340094F835009E
:10285000C0B2012804D0002384F83430022038BDEF
:10286000022084F83500002060652046FFF7FEFE58
:10287000E26D3F239340AB602268136843F0160378
:102880001360236C23B12268136843F008031360BC
:102890002268136843F0010313600020DFE7022081
:1028A000DDE770B50446866DFFF7D2FC94F835304D
:1028B000DBB2022B06D080236365002384F834301A
:1028C000012070BD05462268136823F016031360CB
:1028D0002268536923F080035361236CE3B12268BB
:1028E000136823F0080313602268136823F00103C0
:1028F000136023681B6813F0010F11D0FFF7A8FCC9
:10290000431B052BF5D920236365032084F835008C
:10291000002384F83430D4E7A36C002BDFD1E3E745
:10292000E26D3F239340B360012384F835300020EB
:1029300084F83400C5E790F83530DBB2022B03D0C1
:102940008023436501207047052380F835300268F5
:10295000136823F00103136000207047F0B583B0C3
:10296000044600230193724B1D68724BA3FB05358F
:10297000AD0A876D3E68C26D08239340334210D084
:1029800003681A6812F0040F0BD01A6822F00402D0
:102990001A60C26D08239340BB60436D43F001038E
:1029A0004365E26D01239340334209D022685269A6
:1029B00012F0800F04D0BB60636D43F002036365C7
:1029C000E26D04239340334209D02268126812F06A
:1029D000020F04D0BB60636D43F004036365E26DD6
:1029E00010239340334224D02268126812F0080F5B
:1029F0001FD0BB6023681A6812F4802F0DD01B68AB
:102A000013F4002F04D1236C9BB12046984710E0AB
:102A1000A36C73B1204698470BE01A6812F4807FCC
:102A200003D11A6822F008021A60236C0BB1204609
:102A30009847E26D20239340334255D022681268B4
:102A400012F0100F50D0BB6094F83530DBB2052B7C
:102A50000ED023681A6812F4802F33D01B6813F449
:102A6000002F2AD1636C002B3ED0204698473BE0D4
:102A70002268136823F0160313602268536923F059
:102A800080035361236CA3B12268136823F0080309
:102A90001360E26D3F239340BB60012384F835301F
:102AA000002384F83430236D002B3FD02046984714
:102AB0003CE0A36C002BE7D1EBE7E36BA3B120462E
:102AC000984711E01A6812F4807F09D11A6822F041
:102AD00010021A60012384F83530002384F8343062
:102AE000E36B0BB120469847636DFBB1636D13F048
:102AF000010F17D0052384F835302268136823F0BE
:102B000001031360019B01330193AB4204D8236896
:102B10001B6813F0010FF5D1012384F83530002331
:102B200084F83430E36C0BB12046984703B0F0BD15
:102B300000000020B5814E1B00230F2B00F2D28035
:102B400070B582B060E085685E000324B44025EA79
:102B50000405CC68B4402C438460456825EA02052E
:102B60004C68C4F300129A402A4342605AE0DC08E1
:102B7000083450F8246003F0070295000F22AA40A1
:102B800026EA020E0A69AA4042EA0E0240F8242010
:102B90005CE0042200E0002202FA0EF22A43023432
:102BA000514D45F82420514A94686FEA0C0224EAFA
:102BB0000C054E6816F4801F01D04CEA04054B4CFE
:102BC000A560E46802EA04054E6816F4001F01D00F
:102BD0004CEA0405454CE560646802EA04054E6869
:102BE00016F4003F01D04CEA0405404C65602468AF
:102BF00022404D6815F4803F01D04CEA04023B4C62
:102C0000226001330F2B6BD801229A400C6804EA32
:102C1000020C32EA0404F4D14C6804F00304013CD1
:102C2000012C90D94A6802F00302032A09D0C46833
:102C30005D000322AA4024EA02048A68AA402243D3
:102C4000C2604A6802F00302022A90D004684FEA88
:102C5000430E032202FA0EF224EA02044A6802F04A
:102C6000030202FA0EF2224302604A6812F4403F65
:102C7000C7D0002201921E4A546C44F4804454642C
:102C8000526C02F480420192019A9C08A51C164ADB
:102C900052F8255003F003024FEA820E0F2202FA87
:102CA0000EF225EA0205134A90423FF474AF02F592
:102CB000806290420ED002F5806290420CD002F504
:102CC000806290420AD002F5806290423FF461AF88
:102CD000072261E701225FE702225DE703225BE74B
:102CE00002B070BD704700BF00380140003C014099
:102CF00000380240000002400AB1816170470904B7
:102D00008161704703685A6912F4806F01D1002015
:102D100070476FF480625A6100230363202280F8B9
:102D20003D2080F83E30026C42F00402026480F8DC
:102D30003C30012070472DE9F04106460C4617460D
:102D400098463BE0FFF784FA069BC01A404502D83C
:102D5000B8F1000F32D1012D18D033689B6924EAF5
:102D600003039BB2B3FA83F35B099F4226D100238E
:102D70003363202286F83D2086F83E30326C42F0E4
:102D80002002326486F83C30012027E033685B691A
:102D900024EA03039BB2B3FA83F35B09E5E73368E4
:102DA0005B6924EA030C1FFA8CFCBCFA8CFC4FEA2A
:102DB0005C1C674511D1B8F1FF3FC3D1C4F307458F
:102DC000012DECD033689B6924EA030C1FFA8CFCBC
:102DD000BCFA8CFC4FEA5C1CEBE70020BDE8F081FC
:102DE0002DE9F84305460E469046994653E01A6889
:102DF00042F400721A602B686FF480625A610023FB
:102E00002B63202285F83D2085F83E302A6C42F065
:102E100004022A6485F83C3001204AE0FFF718FAE2
:102E2000A0EB0900404502D8B8F1000F33D1012FC3
:102E300017D02B689B6926EA03039BB2003B18BF9F
:102E4000012343B300232B63202285F83D2085F81E
:102E50003E302A6C42F020022A6485F83C30012082
:102E600027E02B685B6926EA03039BB2003B18BF8F
:102E70000123E6E72B689C6926EA0404A4B2003C1F
:102E800018BF0124A4B12B685A6912F4806FAED127
:102E9000B8F1FF3FC2D1C6F30747012FEAD12B6833
:102EA0005C6926EA0404A4B2003C18BF0124E9E7E7
:102EB0000020BDE8F88370B504460D461646236829
:102EC0005B6913F0800F21D12046FFF71BFFF8B993
:102ED000B5F1FF3FF3D0FFF7BBF9801BA84201D843
:102EE000002DECD123685B6913F0800FE7D100233C
:102EF0002363202284F83D2084F83E30226C42F087
:102F00002002226484F83C30012000E0002070BDE3
:102F10000120FCE72DE9F04784B004460D46164633
:102F200099460C9FDDF834800268136843F480638F
:102F300013600368196841F480711960CDF800804E
:102F40003B4600224FF00111FFF7F5FE70B95FFA22
:102F500085FA236805F0FE051D6143463A4641495E
:102F60002046FFF73DFF68B1012008E023681B6899
:102F700013F4807F02D04FF400732364032004B065
:102F8000BDE8F0870023039323685A6903929B6985
:102F90000393039B424639462046FFF78CFF80B9D6
:102FA000B9F1010F18D12368F6B21E6142463946C5
:102FB0002046FFF780FF68B3236C042B24D0012048
:102FC000DDE7236C042B01D00120D8E722681368C9
:102FD00043F400731360F7E72368320A1A6142462C
:102FE00039462046FFF767FF18B92368F6B21E611D
:102FF000DCE7236C042B01D00120C0E722681368B2
:1030000043F400731360F7E72268136843F4007316
:103010001360D4E72268136843F480731360CDF81B
:1030200000803B4600224FF001112046FFF783FE4F
:1030300068B922684AF00103136143463A460949D8
:103040002046FFF7CDFE002899D0012097E723689E
:103050001B6813F4807F02D04FF4007323640320B5
:103060008DE700BF0200010070B504460D4616460C
:1030700014E06FF010025A6100232363202284F8C9
:103080003D2084F83E30226C226484F83C300120DC
:1030900025E023685B6913F0400F10D0236858695E
:1030A00010F0400F1AD1586910F0100FE1D1FFF75E
:1030B000CFF8801BA842ECD8002DEFD1E9E7002320
:1030C0002363202284F83D2084F83E30226C42F0B5
:1030D0002002226484F83C30012000E0002070BD12
:1030E000002800F0CC8070B5044690F83D30002BED
:1030F00077D0242384F83D302268136823F001033D
:1031000013602268136843F4004313602268136855
:1031100023F40043136000F041FD62685A4B9A4269
:1031200064D85A4B98428CBF00230123002B40F0F7
:10313000A8805749A1FB00318B0C25686A6822F0F2
:103140003F0242EA91426A6021680A6A22F03F0225
:1031500066684D4DAE424FD8013313430B62216870
:10316000CA6922F44F4222F0FF026668464B9E4233
:103170004CD8431E7600B3FBF6F3013340F6FC70E7
:10318000034278D0C3F30B031343CB6121680B6870
:1031900023F0C003E269206A024313430B602168F5
:1031A0008B6823F4034323F0FF032269E0680243A2
:1031B00013438B602168CB6823F0FF036269A06929
:1031C00002431343CB602268136843F0010313608A
:1031D00000202064202384F83D30206384F83E00E2
:1031E00070BD80F83C30FEF77BFA82E7294B9842AD
:1031F0008CBF0023012399E74FF4967505FB03F379
:10320000254DA5FB03539B090133A6E7A368BBB972
:10321000451E06EB460CB5FBFCF50135C5F30B0569
:10322000B5FA85F56D0945BBC3B9013806EB460310
:10323000B0FBF3F30133C3F30B0343F40043A3E701
:10324000451E06EB860C0CEB8C0CB5FBFCF5013532
:10325000C5F30B05B5FA85F56D09E4E7013806EB12
:10326000860303EB8303B0FBF3F30133C3F30B03D8
:1032700043F4404388E7042386E7012384E70120E1
:1032800070470120ACE700BFA08601007F841E00CC
:1032900083DE1B43FF083D00D34D62102DE9F04350
:1032A00087B004460F4690469946109EFEF7D0FF21
:1032B000054694F83D00C0B2202804D002273846C5
:1032C00007B0BDE8F0830095192301228849204604
:1032D000FFF731FD002840F04D8194F83C30012B80
:1032E00000F04A81012384F83C3023681A6812F008
:1032F000010F03D11A6842F001021A6022681368B4
:1033000023F400631360222384F83D30402384F8C3
:103310003E30002323640E9B6362BDF83C3063851E
:10332000638D2385734BE362019500964B464246BD
:1033300039462046FFF7EEFD0746002840F01E8183
:10334000238D5BB9029323685A6902929A690292AB
:10335000029A1A6842F400721A6075E0012B0AD0D2
:10336000022B1AD00023059323685A6905929B69A2
:103370000593059B68E02268136823F4806313605B
:103380000023039323685A6903929A690392039A6C
:103390001A6842F400721A6056E02268136823F437
:1033A000806313602268136843F400631360002392
:1033B000049323685A6904929B690493049B43E035
:1033C0002A4631462046FFF74FFE002840F0D880BD
:1033D00023681A69636A1A70636A01336362238D12
:1033E000013B2385638D9BB2013B9BB263852BE040
:1033F00000953346002240492046FFF79CFC0028F8
:1034000040F0C0802268136843F40073136023689F
:103410001A69636A1A70626A531C6362238D013BE6
:103420002385638D9BB2013B9BB2638523681B6937
:103430005370636A01336362238D013B2385638D7F
:103440009BB2013B9BB26385238D002B00F08980EA
:10345000032B53D8012BB3D0022BC9D00095334690
:10346000002225492046FFF766FC002840F08C80AA
:103470002268136823F48063136023681A69636AFF
:103480001A70636A01336362238D013B2385638D68
:103490009BB2013B9BB263850095334600221649DF
:1034A0002046FFF748FC002870D12268136843F4D7
:1034B0000073136023681A69636A1A70626A531C86
:1034C0006362238D013B2385638D9BB2013B9BB2DD
:1034D000638523681B695370636A01336362238DBC
:1034E000013B2385638D9BB2013B9BB26385ABE7B8
:1034F000020010000000FFFF040001002A463146D0
:103500002046FFF7B1FD002842D123681A69636A9B
:103510001A70636A01336362228D013A92B2228586
:10352000638D9BB2013B9BB263852368596911F09F
:10353000040F89D0032A0FD023681A69636A1A70AE
:10354000636A01336362238D013B2385638D9BB2E4
:10355000013B9BB2638577E71A6822F480621A60A8
:10356000EAE7202384F83D30002384F83E3084F8D5
:103570003C30A4E60227A2E60227A0E601279EE649
:1035800001279CE601279AE6012798E6012796E69F
:10359000012794E6002800F0E08170B582B004466F
:1035A000036813F0010F3BD09F4B9B6803F00C03A3
:1035B000042B2CD09C4B9B6803F00C03082B21D0D0
:1035C0006368B3F5803F4FD0B3F5A02F52D0964B30
:1035D0001A6822F480321A601A6822F480221A6073
:1035E0006368002B50D0FEF733FE05468E4B1B68F8
:1035F00013F4003F14D1FEF72BFE401B6428F5D9CD
:103600000320B1E1884B5B6813F4800FD8D0864B60
:103610001B6813F4003F03D06368002B00F09F8108
:10362000236813F0020F54D07F4B9B6813F00C0FEC
:103630003ED07D4B9B6803F00C03082B33D0E3682E
:10364000002B68D0794B01221A60FEF701FE054677
:10365000754B1B6813F0020F54D1FEF7F9FD401BA8
:103660000228F5D903207FE16F4A136843F48033C1
:103670001360B5E76C4B1A6842F480221A601A682E
:1036800042F480321A60ABE7FEF7E2FD0546664B76
:103690001B6813F4003FC3D0FEF7DAFD401B64281B
:1036A000F5D9032060E1604B5B6813F4800FC6D14D
:1036B0005D4B1B6813F0020F03D0E368012B40F051
:1036C0005081594A136823F0F803216943EAC10382
:1036D0001360236813F0080F42D063696BB3534B38
:1036E0000122C3F8802EFEF7B3FD05464E4B5B6FFB
:1036F00013F0020F34D1FEF7ABFD401B0228F5D9C1
:10370000032031E1484A136823F0F803216943EAB2
:10371000C1031360DDE7454B00221A60FEF798FDF8
:103720000546414B1B6813F0020FD2D0FEF790FD07
:10373000401B0228F5D9032016E13C4B0022C3F8B8
:10374000802EFEF785FD0546374B5B6F13F0020FA9
:1037500006D0FEF77DFD401B0228F5D9032003E1CA
:10376000236813F0040F77D02F4B1B6C13F0805F8E
:1037700033D1002301932C4B1A6C42F080521A640F
:103780001B6C03F080530193019B0125284B1B68A0
:1037900013F4807F23D0A368012B34D0052B38D0BD
:1037A000214B1A6F22F001021A671A6F22F00402ED
:1037B0001A67A368002B3DD0FEF74AFD06461A4B58
:1037C0001B6F13F0020F46D1FEF742FD801B41F242
:1037D00088339842F3D90320C6E00025D6E7144A7F
:1037E000136843F480731360FEF732FD0646104BF6
:1037F0001B6813F4807FCED1FEF72AFD801B0228C0
:10380000F5D90320B0E0084A136F43F001031367B2
:10381000CFE7054B1A6F42F004021A671A6F42F0A5
:1038200001021A67C5E700BF0038024000004742A6
:1038300000700040FEF70CFD0646524B1B6F13F064
:10384000020F08D0FEF704FD801B41F28833984236
:10385000F3D9032088E0EDB9A369002B00F0838041
:10386000484A926802F00C02082A51D0022B17D065
:10387000454B00221A66FEF7EBFC0446414B1B68E1
:1038800013F0007F42D0FEF7E3FC001B0228F5D9BD
:10389000032069E03B4A136C23F080531364DBE799
:1038A000394B00221A66FEF7D3FC0546354B1B68E0
:1038B00013F0007F06D0FEF7CBFC401B0228F5D9A1
:1038C000032051E0E369226A1343626A43EA8213E8
:1038D000A26A5208013A43EA0243E26A43EA0263F7
:1038E000284A5360284B01221A66FEF7B1FC0446B1
:1038F000244B1B6813F0007F06D1FEF7A9FC001BC8
:103900000228F5D903202FE000202DE000202BE035
:10391000012B2BD01B4B5B6803F48001E2699142C1
:1039200026D103F03F02216A8A4223D1616A47F619
:10393000C0721A40B2EB811F1ED103F44031A26A5B
:103940005208013AB1EB024F18D103F07063E26AFA
:10395000B3EB026F14D1002006E001207047012074
:1039600002E0012000E0002002B070BD0120FBE772
:103970000120F9E70120F7E70120F5E70120F3E74F
:103980000120F1E7003802400000474208B5254B0E
:103990009B6803F00C03042B3FD0082B3FD1214B35
:1039A0005A6802F03F025B6813F4800F12D01D4B7F
:1039B0005968C1F388111C480023A1FB0001FDF7E1
:1039C000FBF8184B5B68C3F3014301335B00B0FBAA
:1039D000F3F025E0134B5968C1F3881C4FEA4C11F2
:1039E000B1EB0C006EEB0E0E4FEA8E1343EA9063C0
:1039F0008101091A63EB0E03DB0043EA5173C9002E
:103A000011EB0C0C43F10003990200234FEA8C20C8
:103A100041EA9C51FDF7D0F8D3E7034800E00348A2
:103A200008BD00BF00380240001BB7000024F400AE
:103A3000002800F09B8070B50D4604464F4B1B6874
:103A400003F007038B4208D2CBB24C4A13701368C1
:103A500003F007038B4240F08B80236813F0020FC2
:103A600017D013F0040F04D0454A936843F4E05391
:103A70009360236813F0080F04D0414A936843F41D
:103A8000604393603E4A936823F0F003A1680B43C0
:103A90009360236813F0010F32D06368012B21D0AB
:103AA0009A1E012A25D9364A126812F0020F61D0F7
:103AB00033498A6822F0030213438B60FEF7C8FB88
:103AC00006462F4B9B6803F00C036268B3EB820F32
:103AD00016D0FEF7BDFB801B41F288339842F0D927
:103AE000032042E0264A126812F4003FE0D1012090
:103AF0003BE0234A126812F0007FD9D1012034E064
:103B00001E4B1B6803F00703AB4207D9EAB21B4BFD
:103B10001A701B6803F00703AB422DD1236813F022
:103B2000040F06D0164A936823F4E053E1680B4370
:103B30009360236813F0080F07D0114A936823F4A9
:103B40006043216943EAC1039360FFF71FFF0C4BF9
:103B50009B68C3F303130B4AD35CD8400A4B18602D
:103B60000A4B1868FDF720FF002070BD0120704748
:103B70000120FAE70120F8E70120F6E7003C0240C7
:103B80000038024054E40008000000200800002033
:103B9000014B1868704700BF0000002008B5FFF710
:103BA000F7FF044B9B68C3F38223034AD35CD840DE
:103BB00008BD00BF0038024064E4000808B5FFF704
:103BC000E7FF044B9B68C3F34233034AD35CD840FE
:103BD00008BD00BF0038024064E400080F23036002
:103BE0000B4B9A6802F0030242609A6802F0F002FE
:103BF00082609A6802F4E052C2609B68DB0803F4BA
:103C0000E0530361034B1B6803F007030B6070472D
:103C100000380240003C024070B4036A026A22F09D
:103C2000010202624668826922F073020C6844EA6B
:103C3000020523F002028B6813430D4CA04209D009
:103C40000B4CA0420DD0466085614A684263036216
:103C500070BC704723F00803CA68134323F00403C1
:103C6000EEE726F440764A6932438E691643EAE766
:103C70000000014030B4036A026A22F480720262DA
:103C80004568C26922F073020C68224323F4007372
:103C90008C6843EA04230F4CA04209D00D4CA0428B
:103CA0000ED04560C2614A68C263036230BC70478F
:103CB00023F40063CC6843EA042323F48063EDE734
:103CC00025F440554C6945EA04158C6945EA04150C
:103CD000E7E700BF0000014030B4036A026A22F443
:103CE000805202624468C26922F4E6420D6842EAE8
:103CF000052223F400538D6843EA0533074DA8429B
:103D000006D04460C2614A680264036230BC7047F6
:103D100024F480444D6944EA8514F2E70000014030
:103D200010B4036A046A24F001040462846924F074
:103D3000F00C4CEA021223F00A030B438261036287
:103D40005DF8044B704710B4036A046A24F0100451
:103D50000462846924F4704C4CEA023223F0A0031C
:103D600043EA0113826103625DF8044B7047836884
:103D700023F070030B4343F0070383607047000098
:103D800090F83D30DBB2012B2AD1022380F83D3080
:103D90000368154A934218D0B3F1804F15D0A2F5AD
:103DA0007C42934211D002F5806293420DD002F51D
:103DB0008062934209D002F59A32934205D01A6884
:103DC00042F001021A60002070479A6802F0070270
:103DD000062A07D01A6842F001021A6000207047D4
:103DE00001207047002070470000014090F83D30EE
:103DF000DBB2012B2FD1022380F83D300268D3685B
:103E000043F00103D3600368154A934218D0B3F11D
:103E1000804F15D0A2F57C42934211D002F580620A
:103E200093420DD002F58062934209D002F59A3296
:103E3000934205D01A6842F001021A6000207047D0
:103E40009A6802F00702062A07D01A6842F00102B7
:103E50001A6000207047012070470020704700BFA3
:103E600000000140704770477047704770B50446C6
:103E70000368DE681D6915F0020F10D016F0020FFE
:103E80000DD06FF002021A610123037703689B696A
:103E900013F0030F5ED0FFF7E6FF0023237715F042
:103EA000040F12D016F0040F0FD023686FF0040235
:103EB0001A610223237723689B6913F4407F4FD054
:103EC0002046FFF7D0FF0023237715F0080F12D00C
:103ED00016F0080F0FD023686FF008021A61042350
:103EE00023772368DB6913F0030F40D02046FFF7E8
:103EF000BAFF0023237715F0100F12D016F0100F21
:103F00000FD023686FF010021A610823237723680B
:103F1000DB6913F4407F31D02046FFF7A4FF002374
:103F2000237715F0010F02D016F0010F2DD115F0F7
:103F3000800F02D016F0800F2FD115F0400F02D065
:103F400016F0400F31D115F0200F02D016F0200FDF
:103F500033D170BDFFF786FF2046FFF785FF9CE752
:103F60002046FFF77FFF2046FFF77EFFABE72046A6
:103F7000FFF778FF2046FFF777FFBAE72046FFF705
:103F800071FF2046FFF770FFC9E723686FF0010259
:103F90001A612046FDF762FCC9E723686FF08002D2
:103FA0001A61204600F027FAC7E723686FF0400245
:103FB0001A612046FFF759FFC5E723686FF020021A
:103FC0001A61204600F016FAC3E700000368274A8A
:103FD00090420ED0B0F1804F0BD0A2F57C429042BF
:103FE00007D002F58062904203D002F580629042D1
:103FF00003D123F070034A6813431C4A90421AD03D
:10400000B0F1804F17D0A2F57C42904213D002F558
:10401000806290420FD002F5806290420BD002F590
:104020009A32904207D002F58062904203D002F5A6
:104030008062904203D123F44073CA68134323F093
:1040400080034A6913438A68C2620A688262074A27
:10405000904207D0026842F00402026001224261ED
:10406000036070470A690263F4E700BF0000014083
:1040700040B310B5044690F83D30F3B1022384F804
:104080003D30214651F8040BFFF7A0FF012384F8CF
:10409000463084F83E3084F83F3084F8403084F86D
:1040A000413084F8423084F8433084F8443084F856
:1040B000453084F83D30002010BD80F83C30FDF7DD
:1040C000BBFDDBE70120704740B310B5044690F814
:1040D0003D30F3B1022384F83D30214651F8040B02
:1040E000FFF774FF012384F8463084F83E3084F8EB
:1040F0003F3084F8403084F8413084F8423084F80E
:10410000433084F8443084F8453084F83D30002052
:1041100010BD80F83C30FDF7A5FDDBE701207047BE
:1041200030B4036A026A22F01002026244688269B3
:1041300022F4E6420D6842EA052223F020038D684E
:1041400043EA05130E4DA84209D00D4DA8420ED0EA
:10415000446082614A688263036230BC704723F026
:104160008003CD6843EA051323F04003EDE724F410
:1041700040644D6944EA85048D6944EA8504E7E7B3
:104180000000014038B590F83C30012B66D0044661
:104190000D46012380F83C300C2A5AD8DFE802F0A3
:1041A000075959591B5959593059595944000068F0
:1041B000FFF732FD2268936943F008039361226898
:1041C000936923F0040393612268936929690B437F
:1041D000936100203EE00068FFF7A2FF2268936928
:1041E00043F4006393612268936923F480639361CD
:1041F00022689369296943EA01239361002029E039
:104200000068FFF737FD2268D36943F00803D361E4
:104210002268D36923F00403D3612268D369296932
:104220000B43D361002015E00068FFF755FD2268BD
:10423000D36943F40063D3612268D36923F48063B4
:10424000D3612268D369296943EA0123D36100203D
:1042500000E00120002384F83C3038BD0220FCE758
:1042600010B4846824F47F4C42EA03220A4342EAF1
:104270000C0282605DF8044B704790F83C30012BD3
:1042800078D010B50446012380F83C30022380F832
:104290003D300268936823F47F4323F077039360F3
:1042A0000B68602B4CD029D8402B54D00CD9502B04
:1042B00022D1CA6849680068FFF732FD50212068A2
:1042C000FFF755FD002005E0202B0DD009D9302B3C
:1042D0000AD00120012384F83D30002384F83C30CB
:1042E00010BD0BB1102B05D119462068FFF73FFD1B
:1042F0000020EFE70120EDE70120EBE7B3F5805F59
:1043000034D0B3F5005F0CD1CB684A688968006887
:10431000FFF7A6FF2268936843F480439360002070
:10432000D8E7702B24D1CB684A6889680068FFF70A
:1043300097FF2268936843F0770393600020C9E7F2
:10434000CA6849680068FFF7FEFC60212068FFF733
:104350000EFD0020BEE7CA6849680068FFF7E0FC70
:1043600040212068FFF703FD0020B3E70020B1E7FC
:104370000120AFE70220704790F83C30012B35D088
:1043800010B4012380F83C30022380F83D300368EC
:104390005A689C6822F0700C0A6842EA0C025A6063
:1043A0000368134A934212D0B3F1804F0FD0A2F5A5
:1043B0007C4293420BD002F58062934207D002F513
:1043C0008062934203D002F59A32934204D124F0E2
:1043D00080044A6814439C60012380F83D30002328
:1043E00080F83C3018465DF8044B70470220704757
:1043F0000000014070477047026802F10C0353E867
:10440000003F23F0C0030C3242E800310029F3D111
:10441000202380F841307047026802F10C0353E812
:10442000003F23F490730C3242E800310029F3D1AD
:10443000026802F1140353E8003F23F00103143231
:1044400042E800310029F3D1036B012B05D0202372
:1044500080F84230002303637047026802F10C03C6
:1044600053E8003F23F010030C3242E800310029EA
:10447000F3D1ECE790F84130DBB2212B01D00220E0
:1044800070478368B3F5805F17D0036A5A1C0262D5
:104490001A7803685A60C38C9BB2013B9BB2C384F9
:1044A0004BB90268D36823F08003D3600268D368F5
:1044B00043F04003D360002070470369002BE4D130
:1044C000036A1B880268C3F308035360036A02335C
:1044D0000362E0E738B504460268136923F44053E9
:1044E000C1680B4313618368026913434269134334
:1044F000C2691A430168CB6823F4164323F00C0306
:104500001343CB600268536923F4407381690B4302
:1045100053610368314A934206D002F580629342A8
:1045200002D0FFF73BFB01E0FFF748FBE369B3F57F
:10453000004F29D00021031849411B1841F1000107
:10454000C90041EA5371DB00181863684FEA83021F
:104550004FEA937341F10001FCF72EFB204DA5FBC0
:1045600000325109642303FB11031B013233A5FB05
:1045700003235B0903F0F00202EB011203F00F03C7
:10458000216813448B6038BD0023021843EB0301FC
:10459000121841F10001C90041EA5271D20010180D
:1045A00041F10001626892185B41FCF705FB0C4D7C
:1045B000A5FB00325109642303FB1103DB003233F6
:1045C000A5FB03235B095A0002F4F87202EB011207
:1045D00003F00703216813448B60D4E70010014007
:1045E0001F85EB5160B310B5044690F8413013B30A
:1045F000242384F841302268D36823F40053D36025
:104600002046FFF767FF2268136923F49043136184
:104610002268536923F02A0353612268D36843F464
:104620000053D36000206064202384F8413084F874
:104630004230606310BD80F84030FDF755FCD7E78D
:104640000120704738B5134690F84120D2B2202A95
:1046500036D10446002935D00BB9012031E0016282
:104660008384C38400224264212084F84100A06B2B
:10467000154DC563A06B154D0564A06B144DC56445
:10468000A06B026522680432A06BFEF7D5F830B14A
:1046900010236364202384F84130012011E0236853
:1046A0006FF040021A60226802F1140353E8003FE1
:1046B00043F08003143242E800310029F3D100E0D6
:1046C000022038BD0120FCE7D54600083D47000820
:1046D0004D47000808B50346806B1B681B6813F440
:1046E000807F1AD10023C384026802F1140353E8C7
:1046F000003F23F08003143242E800310029F3D157
:10470000026802F10C0353E8003F43F040030C320F
:1047100042E800310029F3D108BD03F0CBFCFBE7F0
:1047200008B50168CA6822F04002CA60202280F8F9
:10473000412003F0BFFC002008BD704708B5806B26
:10474000FFF7FBFF08BD70477047704710B5846BDB
:1047500023685A6994F84130DBB2212B10D02368CA
:104760005A6902F0400294F84230DBB2222B11D099
:10477000636C43F0100363642046FFF7E6FF10BD4F
:1047800002F08002002AEAD00023E3842046FFF7EB
:1047900033FEE4E7002AEBD00023E3852046FFF751
:1047A0003BFEE5E708B5806B0023C385FFF7CDFF2F
:1047B00008BD90F84230DBB2222B69D18368B3F593
:1047C000805F4FD0826AB3F5805F04D0002B56D152
:1047D0000369002B53D103685B681370836A01334C
:1047E0008362C38D9BB2013B9BB2C385002B51D129
:1047F00000B583B00268D36823F02003D360026859
:10480000D36823F48073D3600268536923F00103F3
:104810005361202380F8423000234363036B012B54
:1048200033D100230363026802F10C0353E8003F15
:1048300023F010030C3242E800310029F3D1036861
:104840001A6812F0100F06D0002201921A68019225
:104850005B680193019B818D03F000FC002003B095
:104860005DF804FB0269002AACD1826A03685B68C8
:10487000C3F308031380836A02338362B1E70368DA
:104880005B6803F07F031370A8E7FFF75CFFE5E7C1
:10489000022070470020704730B583B0044602689C
:1048A0001368D068516913F00F0505D113F0200F7C
:1048B00002D010F0200F19D12DB111F0010119D142
:1048C00010F4907F16D1216B01297DD013F0800F59
:1048D00003D010F0800F40F0268113F0400F03D07A
:1048E00010F0400F40F0238103B030BD2046FFF7A9
:1048F00060FFF9E713F0010F06D010F4807F03D0BA
:10490000626C42F00102626413F0040F04D019B12A
:10491000626C42F00202626413F0020F04D019B11B
:10492000626C42F00402626413F0080F07D010F0CA
:10493000200F00D119B1626C42F008026264626C0F
:10494000002AD1D013F0200F02D010F0200F29D16F
:1049500023685B6903F04003626C12F0080F00D11A
:1049600063B32046FFF758FD23685B6913F0400FDF
:1049700020D0226802F1140353E8003F23F04003E3
:10498000143242E800310029F3D1E36B73B16A4A73
:104990001A65E06BFDF7CFFF0028A5D0E06B036D33
:1049A0009847A1E72046FFF704FFD1E72046FFF72D
:1049B000CCFE99E72046FFF7C8FE95E72046FFF7B3
:1049C000C4FE002363648FE713F0100F3FF47EAF43
:1049D00010F0100F3FF47AAF002301931368019396
:1049E00053680193019B536913F0400F5FD0E26B52
:1049F00013685B689BB2002B4AD0A18D994247D9BE
:104A0000E385D369B3F5807F37D0226802F10C03C8
:104A100053E8003F23F480730C3242E80031002950
:104A2000F3D1226802F1140353E8003F23F001039D
:104A3000143242E800310029F3D1226802F1140354
:104A400053E8003F23F04003143242E800310029CC
:104A5000F3D1202384F8423000232363226802F13B
:104A60000C0353E8003F23F010030C3242E80031FE
:104A70000029F3D1E06BFDF714FF02236363A18DDE
:104A8000E38D9BB2C91A89B2204603F0E7FA2BE7FF
:104A9000A18D99427FF428AFD369B3F5807F7FF46D
:104AA00023AF02236363204603F0D8FA1CE7A18DED
:104AB000E38D9BB2C91A89B2E38D9BB2002B3FF400
:104AC00013AF00293FF410AF226802F10C0353E842
:104AD000003F23F490730C3242E800300028F3D1F9
:104AE000226802F1140353E8003F23F0010314325B
:104AF00042E800300028F3D1202384F8423000231C
:104B00002363226802F10C0353E8003F23F01003F3
:104B10000C3242E800300028F3D1022363632046C0
:104B200003F09CFAE0E62046FFF7A4FCDCE6204612
:104B3000FFF7F6FDD8E600BFA547000808B5806B73
:104B400001234363036B012B02D0FFF7FDFD08BD7A
:104B5000818D490803F082FAF9E708B50346806BB6
:104B60001B681B6813F4807F2BD10023C385026868
:104B700002F10C0353E8003F23F480730C3242E847
:104B800000310029F3D1026802F1140353E8003F19
:104B900023F00103143242E800310029F3D1026806
:104BA00002F1140353E8003F23F04003143242E8BB
:104BB00000310029F3D1202380F84230036B012B10
:104BC00007D000234363036B012B0FD0FFF7BBFD1E
:104BD00008BD026802F10C0353E8003F23F0100304
:104BE0000C3242E800310029F3D1EAE7818D03F06D
:104BF00035FAEDE730B583B004461346816282850D
:104C000000224264222084F84200E06B244DC563F8
:104C1000E06B244D0564E06B234DC564E06B0265D9
:104C200020680A46011DE06BFDF706FE00282FD123
:104C30000023019323681A6801925B680193019B2A
:104C400023695BB1226802F10C0353E8003F43F48F
:104C500080730C3242E800310029F3D1226802F15E
:104C6000140353E8003F43F00103143242E80031DB
:104C70000029F3D1226802F1140353E8003F43F006
:104C80004003143242E800310029F3D103B030BDB3
:104C900010236364202384F842300120F6E700BF2C
:104CA0005B4B00083D4B00084D47000890F8423030
:104CB000DBB2202B27D110B582B0044629B312B93C
:104CC000012002B010BD0123036300234363FFF7FB
:104CD00091FF236B012B01D00120F2E70023019308
:104CE00023681A6801925B680193019B226802F1B4
:104CF0000C0353E8003F43F010030C3242E800314C
:104D00000029F3D1DDE7022070470120D9E784288C
:104D100001D0033070470020704708B501F0A8F9B2
:104D2000002008BD2DE9F04387B004460F464569D1
:104D3000BDB18669AEB1D0F80480D0F80090B0F96A
:104D40000800FFF7E4FF0296019500903B462269B8
:104D50004946404601F01CF90590059807B0BDE8AA
:104D6000F08365682668D4F81080B4F90800FFF76E
:104D7000CEFF05AB019300903B461FFA88F2314607
:104D8000284601F040F90128E7D00020E6E700F1CD
:104D9000080343604FF0FF328260C3600361002369
:104DA0000360704700230361704743684B609A6853
:104DB0008A6051609960086103680133036070473D
:104DC00030B40D68B5F1FF3F11D000F108031C4667
:104DD0005B681A68AA42FAD963684B6099608C6074
:104DE0006160086103680133036030BC7047046987
:104DF000F2E70369416882688A60416851605A68D5
:104E0000824206D0002202611A68013A1A601868CC
:104E1000704782685A60F5E782B0002301930D4B1A
:104E20001B68B3F1FF3F08D04FF0500383F31188A4
:104E3000BFF36F8FBFF34F8FFEE74FF0500383F345
:104E40001188BFF36F8FBFF34F8F019B002BFCD0F6
:104E500002B070470C00002008480068006880F32A
:104E600008884FF0000080F3148862B661B6BFF383
:104E70004F8FBFF36F8F00DF00BF000008ED00E031
:104E8000DFF80C00016841F4700101607047000018
:104E900088ED00E04FF0807340F8043C21F0010100
:104EA00040F8081C054B40F80C3C40F8202C6FF0F3
:104EB000020340F8243C4438704700BF194E0008F4
:104EC000074B19680868B0E8F04F80F30988BFF312
:104ED0006F8F4FF0000080F311887047AFF30080B0
:104EE000E89E00204FF0500383F31188BFF36F8FCB
:104EF000BFF34F8F0B4A136801331360012B00D0AF
:104F000070474FF0E023D3F8043D13F0FF0FF7D0C4
:104F10004FF0500383F31188BFF36F8FBFF34F8FB0
:104F2000FEE700BF0C000020094B1B6843B94FF09F
:104F3000500383F31188BFF36F8FBFF34F8FFEE7EA
:104F4000013B034A13600BB983F31188704700BF1C
:104F50000C00002000000000000000000000000025
:104F6000EFF30980BFF36F8F154B1A681EF0100F17
:104F700008BF20ED108A20E9F04F10602DE90900EC
:104F80004FF0500080F31188BFF34F8FBFF36F8F46
:104F900001F0DEF94FF0000080F3118809BC1968B8
:104FA0000868B0E8F04F1EF0100F08BFB0EC108A90
:104FB00080F30988BFF36F8F704700BFAFF30080A5
:104FC000E89E002008B54FF0500383F31188BFF32B
:104FD0006F8FBFF34F8F01F08DF828B14FF0E023B2
:104FE0004FF08052C3F8042D002383F3118808BDCD
:104FF0004FF0E022002313619361054B1B680549C4
:10500000A1FB03139B09013B536107231361704705
:1050100000000020D34D62104FF0E023D3F8002DA4
:105020003D4B9A421CD04FF0E023D3F8002D3B4B70
:105030009A421ED030B583B0394B1A78D2B2019261
:10504000FF221A701B78DBB28DF803309DF8033015
:1050500003F05003334A1370334B07221A601BE0EE
:105060004FF0500383F31188BFF36F8FBFF34F8F5F
:10507000FEE74FF0500383F31188BFF36F8FBFF348
:105080004F8FFEE7284A1368013B13609DF80330F9
:105090005B00DBB28DF803309DF8033013F0800F16
:1050A000F0D1214B1B68032B08D04FF0500383F342
:1050B0001188BFF36F8FBFF34F8FFEE71B021A4AB1
:1050C000136003F4E0631360019BDBB2144A1370B6
:1050D0004FF0E024D4F8203D43F47003C4F8203DA1
:1050E000D4F8203D43F07043C4F8203DFFF780FF23
:1050F00000250E4B1D60FFF7C3FED4F8343F43F08C
:105100004043C4F8343FFFF7A7FE01F021F9FFF751
:1051100083FE284603B030BD71C20F4170C20F41FB
:1051200000E400E020120020241200200C000020E7
:10513000EFF305830F2B0FD9114A9B5CDBB2114AA9
:1051400012789A4208D94FF0500383F31188BFF3C5
:105150006F8FBFF34F8FFEE74FF0E023D3F80C3D86
:1051600003F4E063084A1268934208D94FF05003F1
:1051700083F31188BFF36F8FBFF34F8FFEE7704744
:10518000F0E300E02012002024120020134A12F065
:10519000070F1FD0D11D21F00701C1F50C43A0332B
:1051A00013440A460E480260002141601344083B44
:1051B00023F007030B48036059601960991A516086
:1051C0001360094B1960094B1960094B4FF00042FD
:1051D0001A60704748F6A043E4E700BF2C12002095
:1051E000E09E002028120020D49E0020D09E0020A7
:1051F000CC9E0020164B1A461B688342FBD3516895
:1052000002EB010C844509D0416800EB010C6345B9
:1052100009D00360904219D0106070474068014483
:1052200051601046F0E710B40A4C2468A3420BD03A
:105230005B681944416013681B680360904200D0AA
:1052400010605DF8044B70470460F7E7704700BFDB
:10525000E09E00202812002070B5054600F042FFB5
:10526000364B1B68A3B1364B1B681D424ED135B17E
:10527000083515F0070F02D025F007050835002D79
:1052800046D0304B1B68AB4251D32F4A146804E020
:10529000FFF77CFFE7E722461C466368AB4202D279
:1052A0002368002BF7D1254B1B68A34241D0166819
:1052B00008362368136063685B1B102B10D96019D4
:1052C00010F0070F08D04FF0500383F31188BFF39D
:1052D0006F8FBFF34F8FFEE743606560FFF78AFF74
:1052E000626818490B689B1A0B60184909688B4261
:1052F00001D216490B60124B1B68134363600023F5
:105300002360134A13680133136002E0002600E0B3
:10531000002600F07BFF16F0070F0CD04FF0500373
:1053200083F31188BFF36F8FBFF34F8FFEE7002623
:10533000EFE70026EDE7304670BD00BF28120020E1
:10534000CC9E0020D09E0020E09E0020D49E002015
:10535000D89E0020002834D038B50446A0F10805B6
:1053600050F8043C174A1268134208D14FF050031A
:1053700083F31188BFF36F8FBFF34F8FFEE750F8B1
:10538000081C41B14FF0500383F31188BFF36F8FB6
:10539000BFF34F8FFEE723EA020340F8043C00F01E
:1053A000A1FE54F8041C084A13680B4413602846F5
:1053B000FFF720FF054A13680133136000F026FF52
:1053C00038BD7047CC9E0020D09E0020DC9E00207F
:1053D0000346406A18B11B6B1868C0F1070070479C
:1053E00010B50446FFF77EFDA26BE36B9A4204D032
:1053F0000024FFF799FD204610BD0124F9E710B500
:105400000446FFF76FFDA36B23B90124FFF78CFD62
:10541000204610BD0024F9E770B504461546866B9A
:10542000026C5AB903681BB100200136A66370BD37
:10543000806801F0F1F80023A360F6E76DB94068D9
:10544000FBF73CFD226C636813446360A2689342DF
:1054500019D3236863602846E7E7C068FBF72EFD91
:10546000226C5142E3689B1AE3602268934202D2A5
:10547000A3680B44E360022D01D00020D5E726B1DC
:10548000013E0020D1E72846CFE70020CDE770B5E8
:1054900082B00190846C64B1A26BE36B9A4211D329
:1054A0004FF0500383F31188BFF36F8FBFF34F8F1B
:1054B000FEE74FF0500383F31188BFF36F8FBFF304
:1054C0004F8FFEE7A26B934203D80025284602B017
:1054D00070BD94F8456076B2002201A92046FFF71E
:1054E0009BFF0546B6F1FF3F04D0731C5BB284F806
:1054F0004530EBE7636A002BE8D004F1240000F0AC
:105500008BFF0028E2D00125E0E70346026C6AB178
:1055100010B50846D9681144D9609C68A14201D3EE
:105520001968D960D968FBF7C9FC10BD704738B558
:105530000546FFF7D7FC95F8454064B208E06B6A72
:10554000B3B105F1240000F067FF70B9013C64B20B
:10555000002C0DDDAB6C002BF1D02846FFF797FF38
:105560000028F3D000F0ECFFF0E700F0E9FFEDE7F2
:10557000FF2385F84530FFF7D7FCFFF7B3FC95F81C
:10558000444064B201E0013C64B2002C0ADD2B69A6
:1055900043B105F1100000F03FFF0028F3D000F008
:1055A000CFFFF0E7FF2385F84430FFF7BDFC38BD9F
:1055B00038B5E0B10D460446FFF794FC2368E26B72
:1055C000216C01FB0230A0600020A0636360013AFF
:1055D00002FB0133E360FF2384F8443084F8453054
:1055E000FDB9236963B9FFF79FFC012038BD4FF077
:1055F000500383F31188BFF36F8FBFF34F8FFEE724
:1056000004F1100000F008FF0028ECD04FF0E02378
:105610004FF08052C3F8042DBFF34F8FBFF36F8F4D
:10562000E1E704F11000FFF7B2FB04F12400FFF7FB
:10563000AEFBD8E710B5029C0B4649B92460E06385
:10564000236401212046FFF7B3FF0023A36410BDAC
:105650002260F4E740B94FF0500383F31188BFF3A1
:105660006F8FBFF34F8FFEE7F0B583B00D46144642
:10567000064601FB00F04C30FFF7EEFD074650B147
:10568000002380F846300090234600F14C02294662
:105690003046FFF7CFFF384603B0F0BDF0B585B018
:1056A000019288B10F461D460446B1B1022D20D1AA
:1056B000E36B012B1DD04FF0500383F31188BFF330
:1056C0006F8FBFF34F8FFEE74FF0500383F31188C6
:1056D000BFF36F8FBFF34F8FFEE7036C002BE5D056
:1056E0004FF0500383F31188BFF36F8FBFF34F8FD9
:1056F000FEE700F02BFF064658B9019B002B5ED059
:105700004FF0500383F31188BFF36F8FBFF34F8FB8
:10571000FEE7002653E0A66B2A4639462046FFF7EF
:105720007BFEA36CABB1022D00D16EB92046FFF712
:10573000AEFE48B14FF0E0234FF08052C3F8042D85
:10574000BFF34F8FBFF36F8FFFF7EEFB012005B064
:10575000F0BD636A63B90028F6D04FF0E0234FF044
:105760008052C3F8042DBFF34F8FBFF36F8FEBE769
:1057700004F1240000F050FE0028E5D04FF0E023B3
:105780004FF08052C3F8042DBFF34F8FBFF36F8FDC
:10579000DAE7FFF7C9FB0020D9E702A800F082FE94
:1057A000012619E0002384F8443021E0002384F826
:1057B000453023E02046FFF7BAFE00F027FDFFF753
:1057C00091FBA26BE36B9A42A5D3022DA3D0019B60
:1057D000002BDED0002EE0D0FFF7A6FB00F082FC0D
:1057E000FFF780FB94F8442052B2B2F1FF3FD9D0CA
:1057F00094F8452052B2B2F1FF3FD7D0FFF794FBA7
:1058000001A902A800F05AFED8B92046FFF7E8FD2A
:105810000028CFD0019904F1100000F0E5FD2046EA
:10582000FFF785FE00F0F2FC0028C8D14FF0E0231E
:105830004FF08052C3F8042DBFF34F8FBFF36F8F2B
:10584000BDE72046FFF773FE00F0E0FC00207EE796
:1058500068B170B50D460446036C8BB14FF0500330
:1058600083F31188BFF36F8FBFF34F8FFEE74FF0C5
:10587000500383F31188BFF36F8FBFF34F8FFEE7A1
:105880000368EBB1FFF754FCEFF311864FF05003C0
:1058900083F31188BFF36F8FBFF34F8FA26BE36B5E
:1058A000934230D994F845305BB20132A263B3F130
:1058B000FF3F11D001335BB284F84530012023E073
:1058C0008368002BDED04FF0500383F31188BFF3C1
:1058D0006F8FBFF34F8FFEE7A36C3BB12046FFF7FE
:1058E000D6FDA0B1ADB1012028600DE0636A0BB90F
:1058F000012009E004F1240000F08EFD58B165B1EB
:105900000120286000E0002086F3118870BD01208E
:10591000FAE70120F8E70120F6E70120F4E7F0B507
:1059200085B0019290B10F460446C1B100F00EFE61
:10593000064600BB019B002B5ED04FF0500383F363
:105940001188BFF36F8FBFF34F8FFEE74FF0500307
:1059500083F31188BFF36F8FBFF34F8FFEE7036CA4
:10596000002BE3D04FF0500383F31188BFF36F8F08
:10597000BFF34F8FFEE700263EE039462046FFF793
:10598000C4FD013DA563236923B9FFF7CDFA0120CA
:1059900005B0F0BD04F1100000F03EFD0028F4D089
:1059A0004FF0E0234FF08052C3F8042DBFF34F8F28
:1059B000BFF36F8FE9E7FFF7B7FA0020E8E702A827
:1059C00000F070FD012621E0002384F8443029E036
:1059D000002384F845302BE02046FFF7A8FD00F0B7
:1059E00015FC09E02046FFF7A2FD00F00FFC204661
:1059F000FFF705FD00283FD1FFF774FAA56B002DD6
:105A0000BBD1019B002BD6D0002ED8D0FFF78CFA4B
:105A100000F068FBFFF766FA94F844305BB2B3F12C
:105A2000FF3FD1D094F845305BB2B3F1FF3FCFD008
:105A3000FFF77AFA01A902A800F040FD0028D1D1B1
:105A40002046FFF7DCFC0028C6D0019904F12400B1
:105A500000F0CAFC2046FFF76AFD00F0D7FB0028E3
:105A6000CAD14FF0E0234FF08052C3F8042DBFF3AA
:105A70004F8FBFF36F8FBFE7002089E770B584B009
:105A8000019158B10446036C8BB14FF0500383F37E
:105A90001188BFF36F8FBFF34F8FFEE74FF05003B6
:105AA00083F31188BFF36F8FBFF34F8FFEE700F0D2
:105AB0004DFD054650B9019B5BB14FF0500383F398
:105AC0001188BFF36F8FBFF34F8FFEE70026354677
:105AD00055E0064653E0013BA36323683BB12369CD
:105AE0004BB9FFF721FA0126304604B070BD00F033
:105AF00047FEA060F3E704F1100000F08DFC0028E1
:105B0000EFD04FF0E0234FF08052C3F8042DBFF3E5
:105B10004F8FBFF36F8FE4E746B14FF0500383F32D
:105B20001188BFF36F8FBFF34F8FFEE7FFF7FCF9CC
:105B3000DAE702A800F0B6FC01252AE0002384F889
:105B4000443032E0002384F8453034E0FFF7CAF9EE
:105B5000A06800F00BFD0646FFF7E6F93BE02046A3
:105B6000FFF7E5FC00F052FB09E02046FFF7DFFC01
:105B700000F04CFB2046FFF742FC002842D1FFF723
:105B8000B1F9A36B002BA6D1019B002BC4D0002D33
:105B9000CFD0FFF7C9F900F0A5FAFFF7A3F994F801
:105BA00044305BB2B3F1FF3FC8D094F845305BB2EC
:105BB000B3F1FF3FC6D0FFF7B7F901A902A800F083
:105BC0007DFC0028D1D12046FFF719FC0028C6D063
:105BD0002368002BBAD0019904F1240000F004FCE2
:105BE0002046FFF7A4FC00F011FB0028C7D14FF0BE
:105BF000E0234FF08052C3F8042DBFF34F8FBFF363
:105C00006F8FBCE70EB900266EE7FFF76BF92046F1
:105C1000FFF7DEFB0146A06800F058FDFFF784F9AE
:105C2000F1E708B500220421FFF714FD08BD38B5DF
:105C300004460D46FFF756F9A36C23B10024FFF785
:105C400073F9204638BDA36B13B9A5640124F6E7A8
:105C50000024F4E700B583B00A460023019301A9AC
:105C6000FFF75DFE019803B05DF804FB084B1B686D
:105C70001B6823B9074B4FF0FF321A607047044B83
:105C80001B68DB68DB685A68024B1A60704700BF0C
:105C9000EC9E0020C09F00202DE9F0470746984663
:105CA000089DDDF824900A9C266B02F18042013A9F
:105CB00006EB820626F0070600293AD08E464FF002
:105CC000000CBCF10F0F0BD81EF80C2004EB0C03DA
:105CD00083F834201EF80C3013B10CF1010CF0E7FE
:105CE000002384F84330062D00D90625E56265645B
:105CF0004FF0000AC4F848A0201DFFF753F804F144
:105D00001800FFF74FF82461C5F10705A56164622B
:105D1000C4F84CA084F850A0424639463046FFF7FC
:105D2000B9F82060B9F1000F01D0C9F80040BDE812
:105D3000F087002384F83430D5E7000038B500241C
:105D400007E004EB840293000E481844FFF71FF8A5
:105D50000134062CF5D90C4D2846FFF718F80B4CEA
:105D60002046FFF714F80A48FFF711F80948FFF733
:105D70000EF80948FFF70BF8084B1D60084B1C6034
:105D800038BD00BFF49E0020949F0020A89F0020F3
:105D9000CC9F0020F89F0020E49F0020EC9E002074
:105DA000F09E002010B50446FFF79CF8214A1368C6
:105DB00001331360204B1B685BB1204B1B686BB930
:105DC0001D4B1B68DA6AE36A9A4207D81A4B1C60BB
:105DD00004E0194B1C601368012B28D0184A136883
:105DE00001331360E06A01238340164A11680B43B4
:105DF000136000EB8000211D134B03EB8000FEF7C6
:105E0000D4FFFFF791F80D4B1B687BB10A4B1B6861
:105E1000DA6AE36A9A4209D24FF0E0234FF08052E7
:105E2000C3F8042DBFF34F8FBFF36F8F10BDFFF783
:105E300085FFD3E7809F0020E89E0020E09F0020A0
:105E40008C9F0020909F0020F49E002010B50446F7
:105E500090F8513063B1012B11D0022B0ED04FF0CE
:105E6000500383F31188BFF36F8FBFF34F8FFEE7AB
:105E7000006BFFF76FFA2046FFF76CFA10BDFFF7D3
:105E800069FAFBE70F4B1B68D3B110B5FFF72AF88F
:105E90000D4BDB68DC68201DFEF7ABFF0B4A136877
:105EA000013B1360074A1368013B1360FFF73CF89E
:105EB0002046FFF7CBFF034B1B68002BE6D110BD3C
:105EC000704700BF849F0020F89F0020809F002023
:105ED00008B5FFF7D7FF074B1B68012BF9D94FF027
:105EE000E0234FF08052C3F8042DBFF34F8FBFF370
:105EF0006F8FEEE7F49E002070B504460D461D4BF3
:105F00001E681D4B18680430FEF773FF50B91A4B1A
:105F10001B68DA6A012303FA02F218490B6823EAC4
:105F200002030B60B4F1FF3F0DD03444124B1B68E9
:105F30005C60A64210D9124B18680F4B19680431E7
:105F4000FEF73EFF70BD002DEFD00B4B19680431FA
:105F50000C48FEF72AFFF5E70B4B1868064B19684B
:105F60000431FEF72DFF094B1B68A342EAD9074B0A
:105F70001C60E7E70CA00020E89E0020909F002016
:105F8000F09E0020E49F0020EC9E0020C09F002097
:105F900030B587B00B9C7CB10C9DB5B154250495F0
:105FA000049D542D1AD04FF0500383F31188BFF392
:105FB0006F8FBFF34F8FFEE74FF0500383F31188CD
:105FC000BFF36F8FBFF34F8FFEE74FF0500383F3A4
:105FD0001188BFF36F8FBFF34F8FFEE7049D0C9DB9
:105FE0002C63022485F8514000240394029505ACEB
:105FF00001940A9C0094FFF74FFE0C98FFF7D2FE25
:10600000059807B030BD2DE9F04385B007468846B6
:1060100014461E469000FFF71FF900B38146542036
:10602000FFF71AF90546B0B1C0F83090E5B100238A
:1060300085F85130039302950D9B01930C9B0093BF
:106040003346224641463846FFF726FE2846FFF7EC
:10605000A9FE012005E04846FFF77CF9E6E74FF08E
:10606000FF3005B0BDE8F0834FF0FF30F9E70000E6
:1060700010B588B000240594069407AA06A905A8BF
:10608000FBF734FA059B0293069B01930094234689
:10609000079A0E490E48FFF77BFF0E4B186090B130
:1060A0004FF0500383F31188BFF36F8FBFF34F8F0F
:1060B000094B4FF0FF321A60084B01221A60084B5F
:1060C0001C60FEF7A9FF08B010BD00BF74E4000813
:1060D000D15E0008BC9F0020C09F0020E09F0020F0
:1060E0000CA00020024A136801331360704700BF00
:1060F000889F0020F8B53A4B1B68002B69D1394BBB
:106100001D6801351D60C5B9374B1B681B6843B15D
:106110004FF0500383F31188BFF36F8FBFF34F8F9E
:10612000FEE7314A1168314B186810601960304A37
:10613000136801331360FFF799FD2E4B1B68AB42C8
:106140003DD900272C4B1B68DB6A03EB83039A00C5
:106150002A4B9B58012B00D90127294B1B68002B88
:106160003CD001273AE001271F4B1B681B6843B353
:106170001D4B1B68DB68DC6863689D4226D3261DC7
:106180003046FEF736FEA36A1BB104F11800FEF795
:1061900030FEE36A01229A401A49086802430A6005
:1061A00003EB83039A00314614481044FEF7FDFDCB
:1061B000E26A114B1B68DB6A9A42D4D2D4E700270B
:1061C000D2E70C4B4FF0FF321A60BBE7094A13606D
:1061D000B8E70D4A13680133136000273846F8BD4D
:1061E000889F00200CA00020EC9E0020F09E002044
:1061F000C49F0020C09F0020E89E0020F49E002045
:1062000010A00020909F0020C89F002038B5354B7B
:106210001B6843B94FF0500383F31188BFF36F8FAE
:10622000BFF34F8FFEE7FEF75DFE2E4B1A68013A73
:106230001A601B68002B4FD12B4B1B680BB9002435
:106240004BE00024294B1B681BB3284BDB68DC6840
:1062500004F11800FEF7CDFD251D2846FEF7C9FD07
:10626000E06A01238340224A11680B43136000EB6C
:10627000800029461F4B03EB8000FEF796FDE26A83
:106280001D4B1B68DB6A9A42DCD31C4B01221A604F
:10629000D8E70CB1FFF7EAFC194B1C6884B9174B1F
:1062A0001C68D4B14FF0E0234FF08052C3F8042DA6
:1062B000BFF34F8FBFF36F8F01240EE0013C07D077
:1062C000FFF718FF0028F9D00C4B01221A60F5E700
:1062D0000B4B00221A60E2E70024FEF725FE204661
:1062E00038BD00BF889F0020809F0020CC9F0020E9
:1062F000909F0020F49E0020E89E002010A0002027
:10630000C89F002010B5A8B10446104B1B6843B1CC
:106310004FF0500383F31188BFF36F8FBFF34F8F9C
:10632000FEE7FFF7DFFE00212046FFF7E5FDFFF760
:106330006DFF48B94FF0E0234FF08052C3F8042DB1
:10634000BFF34F8FBFF36F8F10BD00BF889F00203A
:10635000204B1B681BB1204B01221A6070471E4B5B
:1063600000221A601D4B1B68B3FA83F3DBB2C3F142
:106370001F0303EB83018A0019498A5842B94FF081
:10638000500383F31188BFF36F8FBFF34F8FFEE786
:10639000134903EB830082000A4450684068506050
:1063A00003EB830C4FEA8C0208321144884209D077
:1063B00003EB83039A000A4B13445B68DA68094BCA
:1063C0001A607047406862469100054A0A4450606E
:1063D000EEE700BF889F002010A00020909F0020C3
:1063E000F49E0020E89E002058B110B50C46094AE2
:1063F00011681831FEF7E4FC01212046FFF77CFD0F
:1064000010BD4FF0500383F31188BFF36F8FBFF3BC
:106410004F8FFEE7E89E002038B5C368DC6824B3E0
:1064200004F118052846FEF7E4FC184B1B682BBB4B
:10643000251D2846FEF7DDFCE06A01238340144A4F
:1064400011680B43136000EB80002946114B03EBEE
:106450008000FEF7AAFCE26A0F4B1B68DB6A9A42D7
:1064600011D901200D4B186038BD4FF0500383F354
:106470001188BFF36F8FBFF34F8FFEE7294608489F
:10648000FEF793FCE7E70020EEE700BF889F0020BF
:10649000909F0020F49E0020E89E002010A0002085
:1064A000CC9F0020034B1B680360034B1B684360B9
:1064B000704700BFC49F00200CA00020F8B5C8B1F1
:1064C0000C460546F9B1FEF70DFD1B4B19686B68CC
:1064D000C81A2268B2F1FF3F26D0184E36682F68DE
:1064E000B74201D08B4224D9824215D800232360C1
:1064F00001241AE04FF0500383F31188BFF36F8F2C
:10650000BFF34F8FFEE74FF0500383F31188BFF3C3
:106510006F8FBFF34F8FFEE75B1A1344236028464B
:10652000FFF7C0FF002400E00024FEF7FDFC20463A
:10653000F8BD0124F9E700BF0CA00020C49F002093
:10654000014B01221A60704710A00020054B1B6808
:1065500033B1054B1B680BB1002070470220704718
:1065600001207047E09F0020889F0020002849D02C
:1065700038B50446C36A254A1268D26A934239D2B2
:106580008269002A05DB214A1268D26AC2F1070239
:106590008261616903EB83031D4A02EB8303994225
:1065A00005D01A4B1B68DB6AE362012038BD251D4C
:1065B0002846FEF71EFC40B9E26A012303FA02F204
:1065C00014490B6823EA02030B60104B1B68D86A5E
:1065D000E062012404FA00F30E4A11680B431360D1
:1065E00000EB800029460A4B03EB8000FEF7DDFB41
:1065F0002046DBE7426C054B1B68DB6A9A4203D3FB
:106600000020D3E7002070470120CFE7E89E00205C
:10661000F49E0020909F002000284CD038B50446FE
:10662000274B1B68834208D04FF0500383F3118837
:10663000BFF36F8FBFF34F8FFEE7836C43B94FF00B
:10664000500383F31188BFF36F8FBFF34F8FFEE7C3
:10665000013B8364C16A426C91422ED00BB1002091
:1066600038BD051D2846FEF7C4FB70B9E26A02EB8F
:1066700082039B001349CB583BB9012303FA02F272
:1066800011490B6823EA02030B60606CE062C0F101
:106690000703A361012404FA00F30B4A11680B43BA
:1066A000136000EB80002946064B03EB8000FEF7E9
:1066B0007CFB2046D4E7002070470020D0E700BFD5
:1066C000E89E0020F49E0020909F0020002850D0DB
:1066D00038B50446836C43B94FF0500383F31188F7
:1066E000BFF36F8FBFF34F8FFEE7426C8A4200D239
:1066F0000A46E16A914201D0012B00D038BD1D4B02
:106700001B68A3422CD0E262A369002B02DBC2F11A
:106710000702A261626901EB8101174B03EB810162
:106720008A42EBD1251D2846FEF763FB40B9E26A99
:10673000012303FA02F211490B6823EA02030B60FA
:10674000E06A012383400D4A11680B43136000EB9C
:1067500080002946084B03EB8000FEF726FBCDE7BF
:106760004FF0500383F31188BFF36F8FBFF34F8F48
:10677000FEE77047E89E0020F49E0020909F0020D6
:10678000054B1B6823B1044B1A68936C0133936467
:10679000014B1868704700BFE89E00200346104672
:1067A00005E013F8011B41400348405C11464A1EB6
:1067B0000029F6D1704700BF7CE4000850B138B51D
:1067C0000546022905D94C1EFF222146FFF7E6FFA8
:1067D000285538BD70470000034698B1481E99B14E
:1067E00010B413F8011B5140C9B2084C34F8111011
:1067F00081EA1222014601380029F2D110465DF8E3
:10680000044B70474FF6FF72104670477CE5000856
:1068100080B170B50C46054602290AD98E1E064B7A
:106820001A883146FFF7D8FFA855013CC0F307206E
:10683000285570BD704700BF100000200F4B1B781B
:10684000DBB982B00D4B01221A700D4B5B680193CE
:10685000019A0C4B1B689A4207D20B4A1368516885
:10686000013341F1000113605160019A054B1A6038
:10687000024B00221A7002B07047704754A00020EB
:10688000001000E038A0002040A0002010B584B027
:106890000446FFF7D3FF144B5B6803932368039A06
:1068A000934216D8039AD01A61EB0101CDE9000199
:1068B000DDE90001FAF73AF900EE100A0B4BD3EDCF
:1068C000007AF8EE677A039B236080EE270A04B013
:1068D00010BD039AD31A4FF000012CBF01210021F3
:1068E0001846CDE90001E3E7001000E048A00020D1
:1068F0002DE9F04383B0FFF7A1FF2B4B5B680193B9
:106900002A4B1C685D68EA0742EA5402E3071B1B36
:1069100062EB0502DB1852411C1945EB0202019B98
:106920000026E41842F10005214B1C605D60214BFC
:106930001F683A46334620462946FAF73DF91E4B72
:10694000C3E90001D3E90001A7FB00C207FB01274F
:10695000B4EB0C0065EB0701184FC7E90001D3E960
:106960000023174D2A60174B1C6822463346D7E98F
:106970000001FAF721F980B2A880D7E9008900FB6D
:1069800004F4B8EB040269F100030F49C1E90023E4
:106990000E4B1A683346D1E90001FAF70DF9E88089
:1069A00003B0BDE8F08300BF001000E040A000206D
:1069B00030A0002048A0002018A0002020A0002027
:1069C00058A000204CA0002028A0002050A00020AB
:1069D00008B5134AD2F8FC3043F08073C2F8FC309B
:1069E000104B00225A601A6842F001021A60FCF74C
:1069F000CDFF0D4B18600D4BA3FB00239B090C4AE8
:106A000013600C4BA3FB0030800C0B4B18600B4B3E
:106A100000200021C3E90001FFF76AFF08BD00BFA5
:106A200000ED00E0001000E048A00020D34D62100F
:106A30004CA0002083DE1B4350A0002040A000207B
:106A400008B5FFF755FF0B4A116893884FF47A7029
:106A500000FB013300EE103AB8EE400AD38807EE8F
:106A6000903AF8EEE77A9FED047A67EE877A30EE97
:106A7000270A08BD58A000206F12833A00B587B0DE
:106A80000023ADF81430322302930223019305ABA7
:106A90000093012303220C210748FCF7FFFB48B9B0
:106AA0009DF814309DF81500800840EA831007B067
:106AB0005DF804FB0020FAE7E40C002010B5044662
:106AC0000023C36043600022826003618361C3616D
:106AD000436142620262FFF7D1FF2060206110BD76
:106AE00030B587B005460023ADF81430322202924B
:106AF0000223019305AB009301230C210948FCF705
:106B0000CDFB04460120FBF7A9FB4CB99DF81430DE
:106B10001B0203F470639DF8152013439B00EB6088
:106B200007B030BDE40C002010B50446FFF7A6FF07
:106B300060602369C31A9AB21BB2B3F5005F26DD09
:106B4000A2F580431BB2E2691344E3611A46002BAD
:106B500024DB9213A26107EE903AF8EEE77A9FEDFC
:106B6000117A67EE877AC4ED097A9FED0F7A67EEA6
:106B7000877A94ED087ADFED0D6A27EE267A77EEB4
:106B8000877AC4ED097A2061C4ED087A10BD13F547
:106B9000005FD8DA02F580431BB2D4E703F57F52D9
:106BA0003F32D6E70000B43C9A99993E3333333FE5
:106BB00000B587B00023ADF81430322302930223CE
:106BC000019305AB0093012303220C210748FCF736
:106BD00065FB48B99DF814309DF81500800840EA1F
:106BE000831007B05DF804FB0020FAE78C0D00204D
:106BF00010B504460023C360436000228260036135
:106C00008361C361436142620262FFF7D1FF20608A
:106C1000206110BD30B587B005460023ADF81430B3
:106C2000322202920223019305AB009301230C212F
:106C30000948FCF733FB04460120FBF70FFB4CB976
:106C40009DF814301B0203F470639DF81520134364
:106C50009B00EB6007B030BD8C0D002010B50446E2
:106C6000FFF7A6FF60602369C31A9AB21BB2B3F59F
:106C7000005F18DDA2F580431BB2E2691344E361B3
:106C80001A46002B16DB9213A26107EE903AF8EE3B
:106C9000E77A9FED0A7A67EE877AC4ED097A206178
:106CA000C4ED087A10BD13F5005FE6DA02F5804303
:106CB0001BB2E2E703F57F523F32E4E70000B43C49
:106CC00010B50D4C4FF48043A361052001F036F858
:106CD0004FF40043A361052001F030F84FF000436A
:106CE000A361052001F02AF84FF08043A36105203D
:106CF00001F024F810BD00BF0004024038B504467E
:106D0000002511E0114B4FF000429A616400E4B29B
:106D1000052001F013F80D4B4FF480429A610520D5
:106D200001F00CF80135EDB2072D0ED8074B4FF0EE
:106D300080429A61052001F001F814F0800FE1D043
:106D4000024B4FF400429A61E0E738BD0004024074
:106D500070B50E4C4FF08046A661052000F0EEFFA6
:106D60004FF40043A361052000F0E8FF4FF4804397
:106D7000A361052000F0E2FF2569C5F3C035A661D7
:106D8000052000F0DBFF284670BD00BF0004024074
:106D900038B50C4C4FF08045A561052000F0CEFFC2
:106DA0004FF40043A361052000F0C8FF4FF4804377
:106DB000A361052000F0C2FFA561052000F0BEFF21
:106DC00038BD00BF0004024038B50F4C4FF080457D
:106DD000A561052000F0B2FF4FF00043A36105203C
:106DE00000F0ACFF4FF48043A361052000F0A6FF44
:106DF000A561052000F0A2FF4FF40043A361052028
:106E000000F09CFF38BD00BF00040240F8B5074603
:106E10001E4B4FF400429A61052000F08FFF0024C2
:106E2000254601E00134E4B2072C15D8174E4FF087
:106E30008043B361052000F081FF4FF48043B361CC
:106E4000052000F07BFF6D00EDB2336913F4004FB5
:106E5000E8D045F00105E5E70C4B4FF080429A6120
:106E6000052000F06BFF6FB1FFF792FF074B4FF06B
:106E700080429A614FF400429A61052000F05EFF63
:106E80002846F8BDFFF7A0FFF0E700BF000402406E
:106E900010B50D4C4FF08043A361052000F04EFF6C
:106EA0004FF00043A361052000F048FF4FF48043FA
:106EB000A361052000F042FF4FF40043A3610520C9
:106EC00000F03CFF10BD00BF00040240F8B50546CD
:106ED0000F4616461C46FFF7F3FE680000F0FE0062
:106EE000FFF70CFFFFF734FFA0B93846FFF706FFA6
:106EF000FFF72EFF90B9FFF7E3FE680040F00100B6
:106F0000C0B2FFF7FBFEFFF723FFC8B1FFF7C0FFDA
:106F1000012020E0FFF7BCFF01201CE0FFF7B8FFD5
:106F2000012018E00120FFF771FF3070013CE4B24E
:106F30000136094B4FF080419961052000F0FEFEBB
:106F400034B1012CEED00020FFF760FF3070EDE788
:106F5000FFF79EFF2046F8BD0004024008B5054B30
:106F60004FF480429A614FF400429A61052000F08C
:106F7000E5FE08BD0004024000B583B00023ADF873
:106F80000430022301AA03210620FFF79FFF9DF88A
:106F900004009DF805309B0843EA801003B05DF8BB
:106FA00004FB00004368C2689B1A1BB207EE903ACC
:106FB000F8EEE77A9FED0C7A67EE877A9FED0B7A11
:106FC00067EE877AC0ED027AF5EEC07AF1EE10FA3C
:106FD00002D490ED020A70479FED037A77EE877A2C
:106FE000C0ED027AF5E700BF0000B443000080382E
:106FF00010B50446FFF7B2FF0023E3606360002290
:10700000A2602361A361E361636162622262FFF7B0
:10701000B3FF2060206110BD10B582B0044600238C
:10702000ADF80430022301AA32210620FFF74EFFFB
:1070300008B102B010BDFFF79FFFE060F9E7000064
:10704000F0B585B00446FFF797FF60602046FFF774
:10705000A9FF656AA068F9F737FA06460F46284681
:10706000F9F732FACDE90201A3690193E3690093CC
:1070700032463B46194801F057F861682369CB1A3C
:107080006361B3F5005F1EDDA3F58043636163694F
:10709000E2691344E3611A46002B1BDB9213A261E1
:1070A00007EE903AF8EEE77A9FED0D7A67EE877A71
:1070B0009FED0C7A67EE877AC4ED097A2161C4ED01
:1070C000087A05B0F0BD13F5005FE0DA03F5804300
:1070D0006361DCE703F57F523F32DFE77CE70008BE
:1070E0000000B4430000803810B50D4C4FF480739D
:1070F000A361052000F022FE4FF40073A361052078
:1071000000F01CFE4FF00073A361052000F016FE96
:107110004FF08073A361052000F010FE10BD00BF8A
:107120000004024038B50446002511E0114B4FF031
:1071300000729A616400E4B2052000F0FFFD0D4B7F
:107140004FF480729A61052000F0F8FD0135EDB230
:10715000072D0ED8074B4FF080729A61052000F082
:10716000EDFD14F0800FE1D0024B4FF400729A61F4
:10717000E0E738BD0004024070B50E4C4FF0807659
:10718000A661052000F0DAFD4FF40073A36105202D
:1071900000F0D4FD4FF48073A361052000F0CEFD14
:1071A0002569C5F34025A661052000F0C7FD2846E6
:1071B00070BD00BF0004024038B50C4C4FF0807524
:1071C000A561052000F0BAFD4FF40073A36105200E
:1071D00000F0B4FD4FF48073A361052000F0AEFD14
:1071E000A561052000F0AAFD38BD00BF00040240E3
:1071F00038B50F4C4FF08075A561052000F09EFD5D
:107200004FF00073A361052000F098FD4FF48073E8
:10721000A361052000F092FDA561052000F08EFD20
:107220004FF40073A361052000F088FD38BD00BF56
:1072300000040240F8B507461E4B4FF400729A61F5
:10724000052000F07BFD0024254601E00134E4B276
:10725000072C15D8174E4FF08073B361052000F04E
:107260006DFD4FF48073B361052000F067FD6D0084
:10727000EDB2336913F4007FE8D045F00105E5E78E
:107280000C4B4FF080729A61052000F057FD6FB1F2
:10729000FFF792FF074B4FF080729A614FF4007234
:1072A0009A61052000F04AFD2846F8BDFFF7A0FFCF
:1072B000F0E700BF0004024010B50D4C4FF08073A2
:1072C000A361052000F03AFD4FF00073A361052093
:1072D00000F034FD4FF48073A361052000F02EFD13
:1072E0004FF40073A361052000F028FD10BD00BF1E
:1072F00000040240F8B505460F4616461C46FFF747
:10730000F3FE680000F0FE00FFF70CFFFFF734FF0C
:10731000A0B93846FFF706FFFFF72EFF90B9FFF739
:10732000E3FE680040F00100C0B2FFF7FBFEFFF78C
:1073300023FFC8B1FFF7C0FF012020E0FFF7BCFF2B
:1073400001201CE0FFF7B8FF012018E00120FFF743
:1073500071FF3070013CE4B20136094B4FF080718F
:107360009961052000F0EAFC34B1012CEED0002038
:10737000FFF760FF3070EDE7FFF79EFF2046F8BD96
:107380000004024008B5054B4FF480729A614FF437
:1073900000729A61052000F0D1FC08BD0004024093
:1073A00000B583B00023ADF80430022301AA032105
:1073B0000620FFF79FFF9DF804009DF805309B080D
:1073C00043EA801003B05DF804FB00004368C26824
:1073D0009B1A1BB207EE903AF8EEE77A9FED0C7A13
:1073E00067EE877A9FED0B7A67EE877AC0ED027AB7
:1073F000F5EEC07AF1EE10FA02D490ED020A704771
:107400009FED037A77EE877AC0ED027AF5E700BF49
:107410000000B4430000803810B50446FFF7B2FF07
:107420000023E36063600022A2602361A361E36143
:10743000636162622262FFF7B3FF2060206110BDCA
:1074400010B582B004460023ADF80430022301AA2F
:1074500032210620FFF74EFF08B102B010BDFFF742
:107460009FFFE060F9E70000F0B585B00446FFF744
:1074700097FF60602046FFF7A9FF656AA068F9F7EB
:1074800023F806460F462846F9F71EF8CDE9020113
:10749000A3690193E369009332463B46194800F023
:1074A00043FE61682369CB1A6361B3F5005F1EDD9B
:1074B000A3F5804363616369E2691344E3611A469B
:1074C000002B1BDB9213A26107EE903AF8EEE77AED
:1074D0009FED0D7A67EE877A9FED0C7A67EE877ADB
:1074E000C4ED097A2161C4ED087A05B0F0BD13F549
:1074F000005FE0DA03F580436361DCE703F57F5268
:107500003F32DFE77CE700080000B443000080382A
:1075100010B50C4C0223A361052000F00FFC0423DE
:10752000A361052000F00AFC4FF48023A36105202D
:1075300000F004FC4FF40033A361052000F0FEFBD3
:1075400010BD00BF0004024038B50446002510E01D
:10755000104B4FF480229A616400E4B2052000F0E1
:10756000EDFB0C4B02229A61052000F0E7FB013590
:10757000EDB2072D0DD8074B4FF400329A6105206C
:1075800000F0DCFB14F0800FE2D0024B04229A6181
:10759000E2E738BD0004024070B50D4C4FF40036F0
:1075A000A661052000F0CAFB0423A361052000F0BA
:1075B000C5FB0223A361052000F0C0FB2569C5F3CC
:1075C0008005A661052000F0B9FB284670BD00BF0C
:1075D0000004024038B50B4C4FF40035A56105207E
:1075E00000F0ACFB0423A361052000F0A7FB0223FD
:1075F000A361052000F0A2FBA561052000F09EFB21
:1076000038BD00BF0004024038B50E4C4FF40035C1
:10761000A561052000F092FB4FF48023A3610520B3
:1076200000F08CFB0223A361052000F087FBA5611D
:10763000052000F083FB0423A361052000F07EFBFE
:1076400038BD00BF00040240F8B507461C4B0422B9
:107650009A61052000F072FB0024254601E0013408
:10766000E4B2072C14D8164E4FF40033B361052052
:1076700000F064FB0223B361052000F05FFB6D00A6
:10768000EDB2336913F0040FE9D045F00105E6E7E8
:107690000B4B4FF400329A61052000F04FFB67B1AD
:1076A000FFF798FF064B4FF400329A6104229A616B
:1076B000052000F043FB2846F8BDFFF7A5FFF1E7E2
:1076C0000004024010B50C4C4FF40033A3610520B8
:1076D00000F034FB4FF48023A361052000F02EFB63
:1076E0000223A361052000F029FB0423A3610520E8
:1076F00000F024FB10BD00BF00040240F8B50546B1
:107700000F4616461C46FFF703FF680000F0FE0018
:10771000FFF71AFFFFF740FFA0B93846FFF714FF45
:10772000FFF73AFF90B9FFF7F3FE680040F0010061
:10773000C0B2FFF709FFFFF72FFFC8B1FFF7C2FF85
:10774000012020E0FFF7BEFF01201CE0FFF7BAFF99
:10775000012018E00120FFF777FF3070013CE4B210
:107760000136094B4FF400319961052000F0E6FA2B
:1077700034B1012CEED00020FFF766FF3070EDE74A
:10778000FFF7A0FF2046F8BD0004024008B5044BF7
:1077900002229A6104229A61052000F0CFFA08BD06
:1077A0000004024000B583B00023ADF8043002238A
:1077B00001AA03210620FFF7A1FF9DF804009DF810
:1077C00005309B0843EA801003B05DF804FB00001D
:1077D0004368C2689B1A1BB207EE903AF8EEE77A4C
:1077E0009FED0C7A67EE877A9FED0B7A67EE877ACA
:1077F000C0ED027AF5EEC07AF1EE10FA02D490ED07
:10780000020A70479FED037A77EE877AC0ED027A1D
:10781000F5E700BF0000B4430000803810B504460F
:10782000FFF7B4FF0023E36063600022A2602361DE
:10783000A361E361636162622262FFF7B3FF2060CC
:10784000206110BD10B582B004460023ADF80430AD
:10785000022301AA32210620FFF750FF08B102B02F
:1078600010BDFFF79FFFE060F9E70000F0B585B0BD
:107870000446FFF797FF60602046FFF7A9FF656A9F
:10788000A068F8F721FE06460F462846F8F71CFECA
:10789000CDE90201A3690193E369009332463B46B7
:1078A000194800F041FC61682369CB1A6361B3F5A4
:1078B000005F1EDDA3F5804363616369E2691344E1
:1078C000E3611A46002B1BDB9213A26107EE903A8C
:1078D000F8EEE77A9FED0D7A67EE877A9FED0C7AE6
:1078E00067EE877AC4ED097A2161C4ED087A05B0A4
:1078F000F0BD13F5005FE0DA03F580436361DCE778
:1079000003F57F523F32DFE77CE700080000B44315
:107910000000803810B50D4C4FF48053A361052052
:1079200000F00CFA4FF40053A361052000F006FAB2
:107930004FF00053A361052000F000FA4FF0805390
:10794000A361052000F0FAF910BD00BF0004024059
:1079500038B50446002511E0114B4FF000529A61F2
:107960006400E4B2052000F0E9F90D4B4FF48052B9
:107970009A61052000F0E2F90135EDB2072D0ED82D
:10798000074B4FF080529A61052000F0D7F914F0B0
:10799000800FE1D0024B4FF400529A61E0E738BD0E
:1079A0000004024070B50E4C4FF08056A6610520D1
:1079B00000F0C4F94FF40053A361052000F0BEF9B4
:1079C0004FF48053A361052000F0B8F92569C5F391
:1079D0004035A661052000F0B1F9284670BD00BF12
:1079E0000004024038B50C4C4FF08055A5610520CD
:1079F00000F0A4F94FF40053A361052000F09EF9B4
:107A00004FF48053A361052000F098F9A56105208B
:107A100000F094F938BD00BF0004024038B50F4CA7
:107A20004FF08055A561052000F088F94FF0005314
:107A3000A361052000F082F94FF48053A361052073
:107A400000F07CF9A561052000F078F94FF40053AF
:107A5000A361052000F072F938BD00BF00040240A8
:107A6000F8B507461E4B4FF400529A61052000F00E
:107A700065F90024254601E00134E4B2072C15D84D
:107A8000174E4FF08053B361052000F057F94FF4C3
:107A90008053B361052000F051F96D00EDB23369F8
:107AA00013F4005FE8D045F00105E5E70C4B4FF01B
:107AB00080529A61052000F041F96FB1FFF792FF03
:107AC000074B4FF080529A614FF400529A610520A3
:107AD00000F034F92846F8BDFFF7A0FFF0E700BF3B
:107AE0000004024010B50D4C4FF08053A3610520F7
:107AF00000F024F94FF00053A361052000F01EF9B7
:107B00004FF48053A361052000F018F94FF400539F
:107B1000A361052000F012F910BD00BF000402406F
:107B2000F8B505460F4616461C46FFF7F3FE6800FB
:107B300000F0FE00FFF70CFFFFF734FFA0B9384656
:107B4000FFF706FFFFF72EFF90B9FFF7E3FE68008F
:107B500040F00100C0B2FFF7FBFEFFF723FFC8B102
:107B6000FFF7C0FF012020E0FFF7BCFF01201CE071
:107B7000FFF7B8FF012018E00120FFF771FF307018
:107B8000013CE4B20136094B4FF080519961052068
:107B900000F0D4F834B1012CEED00020FFF760FFE4
:107BA0003070EDE7FFF79EFF2046F8BD000402406D
:107BB00008B5054B4FF480529A614FF400529A6118
:107BC000052000F0BBF808BD0004024000B583B0FA
:107BD0000023ADF80430022301AA03210620FFF799
:107BE0009FFF9DF804009DF805309B0843EA801034
:107BF00003B05DF804FB00004368C2689B1A1BB227
:107C000007EE903AF8EEE77A9FED0C7A67EE877A06
:107C10009FED0B7A67EE877AC0ED027AF5EEC07AB7
:107C2000F1EE10FA02D490ED020A70479FED037A4C
:107C300077EE877AC0ED027AF5E700BF0000B44323
:107C40000000803810B50446FFF7B2FF0023E36060
:107C500063600022A2602361A361E36163616262E9
:107C60002262FFF7B3FF2060206110BD10B582B023
:107C700004460023ADF80430022301AA3221062075
:107C8000FFF74EFF08B102B010BDFFF79FFFE060A5
:107C9000F9E70000F0B585B00446FFF797FF606094
:107CA0002046FFF7A9FF656AA068F8F70DFC0646B5
:107CB0000F462846F8F708FCCDE90201A3690193B5
:107CC000E369009332463B46194800F02DFA61689B
:107CD0002369CB1A6361B3F5005F1EDDA3F5804312
:107CE00063616369E2691344E3611A46002B1BDB9D
:107CF0009213A26107EE903AF8EEE77A9FED0D7AC3
:107D000067EE877A9FED0C7A67EE877AC4ED097A81
:107D10002161C4ED087A05B0F0BD13F5005FE0DA2B
:107D200003F580436361DCE703F57F523F32DFE711
:107D3000B4E700080000B443000080384FF08043EF
:107D40005A6A02E09B1A834207D24FF080435B6A73
:107D50009A42F7D99B1A013BF5E770472DE9F843A2
:107D6000002410E0FFF708F9FFF71AFBFFF71AFDF0
:107D7000FFF72CFFFEF782FEFEF71AFF0A20FAF744
:107D80006DFA0134E4B2092CECD9664C2046FFF7B9
:107D90002FF90A20FAF762FA2046FFF73DF90A2088
:107DA000FAF75CFA604C2046FFF736FB0A20FAF738
:107DB00055FA2046FFF744FB0A20FAF74FFA5B4CCE
:107DC0002046FFF72BFD0A20FAF748FA2046FFF776
:107DD00039FD0A20FAF742FA554C2046FFF732FFE8
:107DE0000A20FAF73BFA2046FFF740FF0A20FAF78D
:107DF00035FA504C2046FEF761FE0A20FAF72EFABB
:107E00002046FEF76DFE0A20FAF728FA4A4C204673
:107E1000FEF7EEFE0A20FAF721FA2046FEF7FAFEF8
:107E20000A20FAF71BFA4548FEF730FD444B83ED74
:107E3000000AFEF705FE434B83ED000A09E000232C
:107E40001A46414941480068FDF728FC0120FEF729
:107E500059FAFEF7F5FD3B4CD4ED007A30EE670A97
:107E60003B4B83ED000AFEF7EBFD84ED000A33483F
:107E7000FEF70CFD324B83ED000A2A4C2046FFF73B
:107E8000DFF8DFF8A4904846FFF7EEFADFF89C80B1
:107E90004046FFF7EBFC264F3846FFF7FBFE254E2A
:107EA0003046FEF741FE244D2846FEF7D7FED4EDBE
:107EB000097AF1EE677A244BC3ED007AD9F82420D1
:107EC0005A60D8F824209A607A6ADA60D6ED097A86
:107ED000F1EE677AC3ED047AD5ED097AF1EE677AAF
:107EE000C3ED057A63693133622BA8D8D9F8143011
:107EF0003133622BA3D8D8F814303133622B9ED89B
:107F00007B693133622B9AD873693133622B96D8EF
:107F10006B693133622B92D8012280210D48FAF728
:107F2000EBFE8CE788A00020B0A00020D8A00020A5
:107F300000A1002028A1002050A1002068A000205E
:107F400064A000206CA0002070A0002078A1002078
:107F500060A000200000024008B5002218210A207D
:107F6000FDF778FB074B186048B1FEF731FD064876
:107F7000FBF706FF00F00AF800F02CF808BDF9F74F
:107F800079FCF2E778A100202C0E002070B50322C6
:107F900000210120FDF75EFB0B4E30600322002123
:107FA0000120FDF757FB094C20600320FDF739FE47
:107FB0000146074D28603068FDF739FE29682068C2
:107FC000FDF735FE70BD00BF90A4002098A40020EE
:107FD0009CA4002008B5032200210120FDF73AFBF4
:107FE000034B186000231A461946FDF757FB08BDDE
:107FF00094A4002010B51448FEF748FC134B83ED01
:10800000000AFEF71DFD124B83ED000AFEF718FD76
:108010000F4CD4ED007A30EE670A0E4B83ED000A68
:10802000FEF70EFD84ED000A0748FEF72FFC074B14
:1080300083ED000A4FF0FF31074B1868FDF70AFE89
:108040000520FEF75FF9E1E788A4002084A4002062
:108050008CA4002080A400209CA4002008B5026805
:108060000E4B9A4200D008BDB1F5807FFBD80C4B77
:1080700019800C4B1A7882F001021A7019784FF4AB
:108080008072094B03EB01210848FCF70FFE002129
:10809000074B1868FDF7DCFBE5E700BF0010014067
:1080A0007EA300207CA300207CA10020441100209E
:1080B00090A400200268164B9A4208D00268154B23
:1080C0009A4208D00268144B9A4208D07047134B6A
:1080D00000221A70F2E7124B00221A70F2E700B584
:1080E00083B00023019301A90E4B1868FDF7B0FB84
:1080F000019B4BB14FF0E0234FF08052C3F8042DA9
:10810000BFF34F8FBFF36F8F03B05DF804FB00BF69
:10811000004400400014014000100140BAA40020B7
:10812000B9A4002094A400200FB400B583B04FF090
:10813000FF31114B1868FDF7A1FC012804D003B0F2
:108140005DF804EB04B0704705AB0193049A4FF45B
:1081500080710A4800F064F982B222B107490848E8
:10816000FCF770FAEBE700231A461946024800684C
:10817000FDF794FAE3E700BF94A4002080A3002059
:108180004411002070B506461546A5231370A2F8C9
:10819000011013490A68531C0B60EA700BB90122E5
:1081A0000A6000242C7105212846FEF707FB0223F4
:1081B0006B710323AB71234606E005EB830256F88F
:1081C0002310C2F807100133052BF6DD002385F8D4
:1081D000253085F8263027212846FEF719FB70BD8B
:1081E00024A500200C4B1B7803B1704710B50A4B37
:1081F00001221A70094C217801EB8103C1EBC30104
:108200002722074B19440748FCF71CFA2378B3FAD6
:1082100083F35B09237010BDBAA40020B8A400202A
:10822000BCA400208C11002030B58BB03548FEF77F
:108230002DFB354B83ED000AFEF702FC334B83ED3B
:10824000000A40E0324A02EB83021168314A02EB35
:10825000830211600133052BF4DD272200216846DB
:1082600000F08CF86A461E212A48FFF78BFF2A4B44
:1082700093F800C00CEB8C03CCEBC30C6C46274B83
:108280009C4408ADA646BEE80F00CCF80000CCF830
:108290000410CCF80820CCF80C3074460CF1100C0B
:1082A000AE45EFD1DEF80000CCF80000BEF80420A7
:1082B0009EF80630ACF804208CF80630FFF792FFE9
:1082C0000120FEF71FF8FEF7BBFB104CD4ED007A3F
:1082D00030EE670A124B83ED000AFEF7B1FB84ED26
:1082E000000A0848FEF7D2FA074B83ED000A002285
:1082F00007490C4B1868FDF712FB0128E0D1002359
:10830000A9E700BF30A500202CA5002034A500203F
:10831000A0A400200CA50020B8A40020BCA400202C
:1083200028A5002078A10020014B1868704700BFE5
:108330001400002070B50D4E0D4D761BB61006D002
:10834000002455F8043B01349847A642F9D1094E60
:10835000094D761B06F032F8B61006D0002455F809
:10836000043B01349847A642F9D170BD00EC0008E7
:1083700000EC000808EC000800EC0008830730B5AA
:1083800048D0541E002A3FD0CAB2034601E0013C47
:108390003AD303F8012B9D07F9D1032C2DD9CDB287
:1083A00045EA05250F2C45EA054536D9A4F110020A
:1083B00022F00F0C03F1200EE6444FEA121C03F1E9
:1083C000100242E9045542E9025510327245F8D1D3
:1083D0000CF1010214F00C0F03EB021204F00F0C6D
:1083E00013D0ACF1040323F003030433134442F825
:1083F000045B9342FBD10CF003042CB1CAB21C44C1
:1084000003F8012B9C42FBD130BD64461346002C7F
:10841000F4D1F9E703461446BFE71A46A446E0E75D
:1084200010B51A4C002924689AB02ADB00900490F9
:108430004FF40270ADF80C0013D001394FF6FF7005
:1084400002910591ADF80E006946204600F050F803
:10845000421C01DA8B232360009B00221A701AB0A1
:1084600010BD4FF6FF7002910591ADF80E00694600
:10847000204600F03DF8431C01DA8B2323601AB03C
:1084800010BD8B2323604FF0FF30F8E7140000206D
:10849000024B13B1024800F005B87047000000001D
:1084A000B1840008002301461A46184601F086BD33
:1084B00038B5084B084D5B1B9C1007D0043B1D448E
:1084C000013C55F804399847002CF9D1BDE83840F3
:1084D00005F07ABF0CEC000808EC0008704700BFFC
:1084E000704700BF704700BF704700BF000000002A
:1084F0002DE9F04F2DED0A8BCFB00C4691460AEED8
:10850000101A09930AEE900A02F026FF03681393EB
:108510001846F8F7D5FDA38912901A0603D52369EA
:10852000002B00F0A0874D469FEDA57B2B78002403
:1085300025AACDE92344CDE91544CDE917448DEDB5
:10854000107B1AEE909A0E94229290461494059401
:10855000002B00F0EC81AB4604E01BF8013F002B40
:1085600000F01A81252BF8D1BBEB050640F01881ED
:108570009BF80030002B00F0DA8100234FF0FF322F
:108580009BF801708DF86B3006930BF1010B049290
:108590009A462B2420210BF1010BA7F120035A2B23
:1085A00000F23C81DFE813F0D5023A013A01D00233
:1085B0003A013A013A016A003A013A016502FE02C3
:1085C0003A017002E4023A01DF025B005B005B00EB
:1085D0005B005B005B005B005B005B003A013A0103
:1085E0003A013A013A013A013A01D2013A0136021E
:1085F0008500D201D201D2013A013A013A013A0191
:10860000CB023A013A01C6003A013A013A0140026E
:108610003A0175023A013A014F073A013A013A012B
:108620003A013A013A013A013A01D2013A013602DD
:108630008700D201D201D201BE02870080003A0138
:10864000B1023A019902C800870280003A01400253
:108650007D002A073A013A012E073A017D00A7F171
:10866000300300221BF8017B02EB820203EB420283
:10867000A7F13003092BF5D906928EE7484602F0A0
:108680006BFE436817931846F8F71AFD18900646D4
:10869000484602F061FE836815932021002E40F0C9
:1086A000C2859BF8007076E79BF800704AF0200ABC
:1086B00071E74AF0100A1AF0200F099B00F09A8126
:1086C000073323F007031A465B6852F8084B0992F8
:1086D0001E46002BC0F26B85049B013301F03A80EB
:1086E0002AF08003039354EA060300F0E7840A2C7F
:1086F00076F1000380F0908730340123DDF80CA080
:108700008DF8374107930DF23715049907989DF8B6
:108710006B3081424FF00002B8BF014608920391CE
:108720000C920F920D92002B00F08980039A013277
:10873000039284E04AF0100A1AF0200600F04B8100
:10874000099B073323F007035E6853F8084B09932E
:108750002AF480630393002300228DF86B20049A8F
:10876000551C00F02682039921F0800A54EA060184
:1087700040F01D82002A41F02980002B40F0A484A3
:10878000039B13F00103079300F0428530238DF81B
:1087900037310DF23715B8E7BBEB050600F0C7809F
:1087A000249B33442493239B0133072BC8E90056B1
:1087B000239309DC08F10808059B33440593D7E6A9
:1087C00000000000000000001AEE101A22AA48461D
:1087D00003F0B4FC90B90DF19408EDE71AEE101A0D
:1087E00022AA484603F0AAFC002800F09180089BCA
:1087F00023B108991AEE900A02F0A8FC1AEE103A7A
:108800009B8913F0400F059B18BF4FF0FF33059372
:1088100005984FB0BDEC0A8BBDE8F08F002F00F03B
:10882000868000238DF8D4708DF86B300122CDE95D
:108830000723039204930C930F930D9335AD1AF015
:1088400002020A9202D0039A023203921AF08402C0
:108850000B9205D1069A0399561A002E00F30D8348
:10886000249C8BB1239B0DF16B0201330134C8F8BA
:108870000020072B4FF0010224942393C8F8042012
:1088800000F3338308F108080A9B83B1239B1BAADA
:1088900001330234C8F80020072B4FF00202249461
:1088A0002393C8F8042000F32D8308F108080B9BDC
:1088B000802B00F00F82049B079A9E1A002E00F373
:1088C00050821AF4807F40F0AB81079BC8F80430D7
:1088D0001C44239BC8F800500133072B2494239396
:1088E00000F3BE8208F108081AF0040F05D0069BB9
:1088F000039A9D1A002D00F31283DDE905320399D6
:108900008A42ACBF9B185B180593002C7FF466AFBE
:1089100000232393089B1BB10899484602F016FCDC
:108920000DF194085D462B78002B7FF414AE249B48
:10893000002B3FF463AF1AEE104A1AEE101A1AEE2B
:10894000900A22AA03F0FAFBA3895AE7099B07338E
:1089500023F00703B3EC027B8DED107BDDE91012F1
:10896000099322F000430BEE101A0BEE903A4FF0F1
:10897000FF32B0EE4B9AF0EE6B9AA54B51EC190B0F
:10898000F8F794FC002840F06784A14B51EC190BD8
:108990004FF0FF32F8F76CFC002840F05D84DDE911
:1089A000100100220023F8F759FC002840F0A587A9
:1089B0009DF86B30974D984A2AF0800A0321472F83
:1089C000C8BF1546002208920391079104920C92A9
:1089D0000F920D92A7E61AF0100340F033841AF0BC
:1089E000400200F05B87099A52F8044B09921E4638
:1089F000A4B2ADE653F8044B09931AF0100F40F0FF
:108A00000E841AF0400F00F0068444F3C03633465B
:108A100024B25EE6099A002352F8041B8DF86B30ED
:108A20008DF8D410099201E7099C54F8045B0026E4
:108A30008DF86B60002D00F0D986049B5A1C00F065
:108A400046851A4631462846F8F7D2FA089000289B
:108A500001F07A80089B0496591B079121EAE17185
:108A60009DF86B300994039108960C960F960D961D
:108A700059E6099B53F8042B0692002A80F2C3831F
:108A8000069A0993524206929BF800704AF0040A33
:108A900081E54AF010030393039B13F0200600F0D6
:108AA0007383099B073323F007035E6853F8084B71
:108AB0000993012350E6099B53F8044B0993302393
:108AC0004AF0020278278DF86C30544B14930392CD
:108AD0008DF86D70002602233EE61AF0200F40F05C
:108AE00082841AF0100F40F078861AF0400F40F0A0
:108AF0004C871AF4007F00F07086099B059953F8A3
:108B0000042B099311705D460DE79BF800706C2FE4
:108B100003BF9BF801704AF0200A0BF1010B4AF0E9
:108B2000100A38E59BF80070682F03BF9BF80170AE
:108B30004AF4007A0BF1010B4AF0400A2BE59BF84E
:108B400000704AF0080A26E59BF800704AF0010A16
:108B500021E59DF86B30002B7FF4A3AD9BF80070EE
:108B60008DF86B1017E59BF800704AF0800A12E54B
:108B70005A4612F8017B2A2F01F0F381A7F1300346
:108B8000092B934698BF002200F2F4871BF8017B63
:108B900002EB820203EB4202A7F13003092BF5D965
:108BA0000492FAE49BF800708DF86B40F3E4CDF882
:108BB0000CA0012B3FF49BAD022B4EAD12D1149AA9
:108BC00004F00F032409D35C05F8013D44EA067460
:108BD000360954EA0603F3D14EAB5B1BDDF80CA05B
:108BE000079392E504F00703E40844EA4674F608A4
:108BF000303354EA06012A4605F8013DF2D10399C3
:108C0000C80700F14C824EAB5B1B8A4607937CE59C
:108C1000FFFFEF7FFCE7000800E800080CE8000811
:108C2000652F40F3D780DDE9100100220023F8F71B
:108C30000BFB002800F0B481239BBC4AC8F800203D
:108C4000013301340122072B24942393C8F8042014
:108C500000F3848508F108081C9B0E9A934280F269
:108C6000CD82129B139A1C44C8E90023239B2494B1
:108C70000133072B239300F3E98308F108080E9BC7
:108C80005D1E002D7FF730AE102D239B41F34781F1
:108C9000A74F0A97224610261AEE104A05E008F15F
:108CA0000808103D102D40F3678501331032072B63
:108CB000C8E90076CDE92332F1DD22AA21464846F3
:108CC00003F03CFA00287FF492ADDDE923320DF188
:108CD0009408E6E7069B039A9E1A002E7FF7EBADF9
:108CE000102E239B41F34F8091490B9522461AEE9B
:108CF000105A0A910C4604E0103E102E08F10808A4
:108D000019DD013310321021072BCDE92332C8F8C9
:108D10000040C8F80410EFDD22AA294648460DF1AC
:108D2000940803F00BFA00287FF461AD103E102E7A
:108D3000DDE92332E5DC0B9D144601330A9AC8F8BD
:108D400000203444072BCDE92334C8F8046000F335
:108D50002F85049B079A9E1A002E08F108087FF7BA
:108D6000B0AD102E239B40F3C48571480A90424653
:108D700021461AEE108A044604E0103E102E02F13D
:108D8000080216DD013310311020072BCDE9233105
:108D900014605060F1DD22AA4146484603F0CEF946
:108DA00000287FF424AD103E102EDDE9233125AAE2
:108DB000E8DC90460C4601330A9AC8F80020344497
:108DC000072BCDE92334C8F8046000F3CF8108F104
:108DD000080876E50E9B012B40F37C81239EC8F8A2
:108DE0000050013601340123072E24942396C8F83D
:108DF000043000F3E78108F10808129B139A01364A
:108E00001C44072EC8E90023CDE9236400F3E88160
:108E100008F10808DDE9100100220023F8F714FA30
:108E2000002840F076810E9B0136013B01351C4441
:108E3000072EC8F800502396C8F80430249400F395
:108E40005A8108F10808169BC8F8043001361C4402
:108E5000072E1EABCDE92364C8F800307FF742AD82
:108E60001AEE101A22AA484603F068F900287FF487
:108E7000BEAC249C0DF1940836E5102EDDE92332BA
:108E800022DD199510241AEE105A04E0103E102E1F
:108E900008F1080817DD013326491032072BC8E90D
:108EA0000014CDE92332F1DD22AA294648460DF10E
:108EB000940803F043F900287FF499AC103E102E7B
:108EC000DDE92332E7DC199DC8F804600133B418EA
:108ED000072B184AC8F80020CDE9233400F3E183BA
:108EE0009DF86B3008F10808BBE41AEE101A22AAAC
:108EF000484603F023F900287FF479AC249C0DF157
:108F00009408C1E41AEE101A22AA484603F016F992
:108F100000287FF46CAC249C0DF19408C7E4102D5C
:108F2000239B26DD1AEE107A10260AE03CE80008A2
:108F300050E8000840E80008103D102D08F108082E
:108F400017DD0133C24A1034072BC8E90026CDE9EA
:108F50002334F1DD22AA394648460DF1940803F086
:108F6000EDF800287FF443AC103D102DDDE92334EB
:108F7000E7DC0133B64AC8F804502C44072BCDE98E
:108F80002334C8F800207FF7B8AC1AEE101A22AAD2
:108F9000484603F0D3F800287FF429AC249CACE4C5
:108FA0001C9A002A40F39683DDE90D739F42A8BF07
:108FB0001F46002F0BDD239B01333C44072BC8E9E0
:108FC00000572494239300F35C8508F108080D9E54
:108FD000002FA8BFF61B002E00F353820D9B1AF43E
:108FE000806F2B44079340F083821C9B0E9A934220
:108FF00003DB1AF0010F00F0B884129A139914449D
:10900000C8E90012239A24940132072A239200F31C
:10901000768508F108080E9A0799AE18761AD51ABF
:10902000AE42A8BF2E46002E0DDD239BC8F80010CF
:1090300001333444072BC8F804602494239300F3CD
:109040009D8508F10808002EA8BFAD1B002D7FF7F5
:109050004BAC102D239B40F362877E4F0A9722462C
:1090600010261AEE104A05E008F10808103D102DF0
:1090700040F3828301331032072BC8E90076CDE933
:109080002332F1DD22AA2146484603F057F8002892
:109090007FF4ADABDDE923320DF19408E6E7302B28
:1090A0003FF49AAD3023023A05F8013C4EAB9B1ACF
:1090B000DDF80CA007931546FFF727BB049B002B98
:1090C0007FF41AABDDF80CA00023049307934EAD98
:1090D000FFF71BBB1AF0010F7FF480AE239EC8F888
:1090E0000050013601340123072E24942396C8F83A
:1090F00004307FF7A6AE1AEE101A22AA484603F0F3
:109100001DF800287FF473ABDDE923640DF19408AA
:1091100099E60E9B5D1E002D7FF795AE102D40F356
:1091200015874C4ACDF810A023461AEE10AA0A92D1
:109130001027144605E008F10808103D102D40F3F3
:109140009D8301361033072EC8E90047CDE923631C
:10915000F1DD22AA5146484602F0F0FF00287FF4D4
:1091600046ABDDE923630DF19408E6E71AEE101A29
:1091700022AA484602F0E2FF00287FF438AB249C84
:109180000DF19408FFF79DBB039B13F0100340F013
:109190002381039A12F0400200F09B83099A52F84F
:1091A000044B09921E46A4B20123FFF7D5BA2D2322
:1091B00064428DF86B3066EB4606CDF80CA00123B7
:1091C000FFF7CDBA1AEE101A22AA484602F0B6FFEF
:1091D00000287FF40CABDDE923640DF194080CE664
:1091E0001AEE101A22AA484602F0A8FF00287FF4BF
:1091F000FEAADDE923640DF194080BE61AF0010FD5
:109200003FF472AB2DE59BF800700993FFF7C3B9EB
:109210004EADFFF77ABA1AF4007F40F0B083E6173C
:109220003346FFF756BA159B002B3FF43AAA159B1D
:109230001B78002B3FF435AA9BF800704AF4806A33
:10924000FFF7A9B9099B53F8044B0993FFF780BABC
:1092500040E8000850E80008DDE9100102460B462E
:10926000F8F724F8002840F0C385612F00F08685C8
:10927000412F00F09484049B013327F020030393D3
:1092800000F0B083472B00F08285DDE910014AF43D
:109290008072002907924FF00003C0F2248541EC50
:1092A000180B0A930893039B462B00F0F883452B79
:1092B00000F04E85B0EE480AF0EE680A20AB01934C
:1092C0001DAB0093049A1CAB0221484600F050FFEE
:1092D000039B472B054640F069861AF0010F56465E
:1092E000DDF81CA040F00B85209B5B1B0E93039BBD
:1092F000472B00F08B83039B462B00F00F841C9BB5
:109300000D930D9B039A013B412A1C9300F0D785D6
:10931000FAB20021002BB8BF0D9B8DF87820BABFA0
:10932000C3F101032D222B22092B8DF8792040F364
:10933000B7850DF18704DFF898C3224610468CFBF1
:109340000321DA17C2EBA10202EB8201A3EB410178
:10935000303100F8011C19466329134600F1FF3231
:10936000ECDC3033D9B2831E9C4202F8011C40F27F
:10937000048613460DF17A0201E013F8011B02F88E
:10938000011B9C42F9D10DF189030DF17A021B1AE0
:1093900013441EAA9B1A16930E9B169A012B1A446D
:1093A000079240F3B785079B129A13440793079AD5
:1093B000002326F4806622EAE27246F4807A0C9357
:1093C00003920F930D930A9B002B40F04583049367
:1093D0009DF86B30FFF7A7B9099B53F8044B09932D
:1093E0000123FFF7B9B9099B059853F8041B0993AA
:1093F000C217C1E900025D46FFF795BACDF80CA08F
:10940000FFF74ABBAF4B14931AF0200600F0EF8031
:10941000099B073323F007035E6853F8084B099351
:109420001AF0010F09D054EA060306D030238DF854
:109430006D704AF0020A8DF86C302AF48063039351
:109440000223FFF789B9A04B1493DDE71AEE101A37
:1094500022AA484602F072FE00287FF4C8A9249C84
:109460000DF194080BE41AEE900A402101F078FF08
:1094700020602061002800F0848540236361FFF7AD
:1094800052B8102E239B40F3698590480A904246BB
:1094900021461AEE108A1027044604E00832103ED6
:1094A000102E40F32F8201331031072BC2E9004701
:1094B000CDE92331F2DD22AA4146484602F03EFEC4
:1094C00000287FF494A9DDE9233125AAE7E728469F
:1094D00004960994F7F7F4FD20EAE0719DF86B30EB
:1094E0000790039108960C960F960D96FFF71BB9FF
:1094F0000E9BCDF828B0DDF83CB0079E159FCDF847
:109500001CA0EB1804934246DDF860A00C9B0B9561
:109510001AEE108AA446BBF1000F30D093BB013F76
:109520000BF1FF3B179BC2E9003A239B0133D44464
:10953000072BCDF890C0239362DC0832049B387867
:109540009B1B8342A8BF0346002B1C460CDD2398BF
:1095500001309C440728C2E90063CDF890C02390F5
:1095600000F3198138780832002CACBF051B054682
:10957000002D0BDC06440C9BBBF1000FCED1002B61
:1095800000F033820C9B013B0C93CBE7102D23980A
:109590001FDD1024634604E0103D102D02F1080287
:1095A00016DD0130494910330728C2E90014CDE91E
:1095B0002303F1DD22AA4146484602F0BFFD002800
:1095C0007FF415A9103D102DDDE9230325AAE8DC61
:1095D0009C4601303D4B5560AC440728CDE9230C37
:1095E000136000F34082387808320644C3E71AF06B
:1095F000100300F0A480099B53F8044B09930FE774
:1096000022AA4146484602F099FD00287FF4EFA8BF
:10961000DDF890C025AA91E7039B079703F48063C8
:10962000002209EE109ACDF82080DDF854900DF557
:109630009C7A174698460CE00023204631460A22C1
:10964000F7F7BAFA0A2C76F100031CD304460E464B
:10965000AA4620460A2200233146F7F7ADFA3032F7
:109660000AF1FF3501370AF8012CB8F1000FE3D0F9
:1096700099F800309F42DFD1FF2FDDD00A2C76F120
:10968000000380F050814EAB5B1BCDF854900E97D9
:1096900019EE109ADDE90778DDF80CA00793FFF7C3
:1096A00034B81AEE101A22AA484602F047FD0028E4
:1096B0007FF49DA89DF86B30249C0DF19408FFF772
:1096C000D0B800BF0CE8000820E8000850E8000807
:1096D00067666666239BC049C8F8001001330134F1
:1096E0000121072B24942393C8F8041000F32F8141
:1096F00008F10808002A40F08A800E9A0AF0010357
:1097000013433FF4F1A8129B139A1C44C8E90023A9
:10971000239B24940133072B239300F33F8108F10B
:1097200008080E9AC8F8005001331444072BCDE9FD
:109730002334C8F804207FF7D5A8FFF791BB1AF0AF
:10974000400200F0B980099A52F8044B09921E4673
:10975000A4B265E6CDF80CA0FEF7C9BF1AEE101A48
:1097600022AA484602F0EAFC00287FF440A8249C84
:109770000DF19408FFF770BA144601330A9AC8F83D
:1097800000202C44072BC8F80450CDE923347FF780
:10979000A9A8FFF765BB22AA4146484602F0CEFCC5
:1097A00000287FF424A83878DDF890C025AADBE6ED
:1097B0001AEE101A22AA484602F0C0FC00287FF4D4
:1097C00016A8249C0DF19408FFF775B8012BCDF86D
:1097D0000CA07FF4F1A9FEF78FBF099B059953F800
:1097E000042B5D4611600993FFF79DB8049A089514
:1097F000062A294628BF062204952B460392774D58
:10980000099407920C910F910D91FEF78CBF129B5A
:1098100013991C44C8E90013239B24940133072B9C
:10982000239300F3BB8008F10808002ABFF679AF44
:109830005642103280F2AE8369480A902146424671
:1098400010271AEE108A044604E00832103E102E4B
:1098500040F3AF8201331031072BC2E90047CDE955
:109860002331F2DD22AA4146484602F067FC002877
:109870007EF4BDAFDDE9233125AAE7E7DDF810A0CE
:109880001C4601360A9BC8F800302C44072ECDE94F
:109890002364C8F804507FF7D4AA2CE4099B1AF477
:1098A000007614BF53F8044B53F8044B09931CBFC4
:1098B0001646E4B2FEF74CBF099B1AF4007614BFBB
:1098C00053F8044B53F8044B09931CBF1646E4B2FB
:1098D000A6E5039B13F40076099B14BF53F8044BD1
:1098E00053F8044B09931CBF1646E4B20123FEF75C
:1098F00033BF3B4A0A92FFF75EBA2D238DF86B30D7
:10990000FFF758B890460C4601330A9AC8F8002071
:109910003444072BCDE92334C8F804604DDC08F14A
:109920000808FFF75BBB189B1799ED1A1A462846E3
:1099300002F0D2FB99F801300BB109F10109204680
:1099400031460A2200230027F7F736F97EE61AEEA1
:10995000101A22AA484602F0F1FB00287EF447AF15
:109960001C9A249C0DF19408C4E60E9A0799AE182F
:10997000761AD51AAE42A8BF2E46FFF764BB44F351
:10998000C016334664B2FEF7A4BE099B059953F88E
:10999000042B099311805D46FEF7C5BF1AEE101A1D
:1099A00022AA484602F0CAFB00287EF420AFDDE977
:1099B00023341C9A0DF1940837E71AEE101A22AAE4
:1099C000484602F0BBFB00287EF411AF249C0DF149
:1099D0009408FFF703BB00BF3CE8000834E8000828
:1099E00050E80008062304934FE40B9D0E9BDDF81E
:1099F0001CA0DDF828B01597EB189E429046324621
:109A000028BF1A4664460792FFF7EFBA1C9B0D93D6
:109A1000DA1C02DB049A934204DD023F27F02003A4
:109A200003936EE4DDE90D329342C0F29980F007B2
:109A300040F1DB81129A13440793710503D50D9B06
:109A4000002B00F3FF81079B23EAE373039367274F
:109A500000230C930F93B6E42D2300228DF86B3076
:109A60000492FEF763BE22AA4146484602F066FB16
:109A700000287EF4BCAE3878DDF890C025AA0644F4
:109A800079E51AEE101A22AA484602F057FB002880
:109A90007EF4ADAE249C0DF19408FFF798BA20AB8C
:109AA00001931DAB0093049AB0EE480AF0EE680AE9
:109AB0001CAB0321484600F05BFB0378302B0546C6
:109AC00000F003821C9B049A56461344DDF81CA048
:109AD000EC1851EC180B00220023F7F7B5FB08B186
:109AE000234602E4209BA342BFF4FFAB30215A1C63
:109AF00020921970209B9C42F9D8FFF7F6BB1AEE12
:109B0000101A22AA484602F019FB00287EF46FAE14
:109B10001C9B249C0DF19408FFF77DBA1C9A0D92B2
:109B2000002A40F3FF81049906F001030B4340F043
:109B3000B1810D9B07936627730500F18481079B14
:109B400023EAE373039383E7049B03930793099446
:109B50009DF86B3004900C900F900D90FEF7E3BDD4
:109B60000E9B129A9A180D9B0792002B40F3BB8113
:109B70006727E1E700230493FEF70FBD1AEE101AE2
:109B800022AA484602F0DAFA00287EF430AE1C9D84
:109B90000E9B249C5D1B0DF19408FFF754BA3023F3
:109BA0008DF86C3058238DF86D30049B632B4AF090
:109BB000020400F3A7800023089335ADDDE91012FD
:109BC0004AF481730793002A27F02003A2460393E7
:109BD000C0F28A80002342EC181B0A93612F00F028
:109BE0001581412F7FF45FABB0EE480AF0EE680AB2
:109BF0001CA802F029FA00224FF07F5351EC100B01
:109C0000F6F7BAFC02460B4643EC192B0022002360
:109C1000F7F71AFB08B101231C93B74B0B93049B76
:109C20001995CDE90CB7CDE90EA80CEE109ADDF828
:109C30002CB059EC198B5E1E2C4605E00022002347
:109C4000013EF7F701FBE0B9AC4B00224046494624
:109C5000F6F792FC89468046F7F73EFB0546F6F795
:109C600021FC0B46024649464046F6F7CDFA1BF862
:109C70000530A24604F8013B731C374680468946EE
:109C8000DCD149EC198B9E4BDDF830B0DDF83C801F
:109C9000CDF830A051EC190B00223E46DDF838A07B
:109CA0000D9F0D951CEE109A199DF7F7F5FA98BBCC
:109CB00051EC190B924B0022F7F7C6FA10B10D9B2D
:109CC000D90729D4002E334606DB01332344302242
:109CD00004F8012BA342FBD1631B56460E93DDF81B
:109CE0001CA0FFF704BB0893DDE9103408EE103A1E
:109CF00004F1004308EE903A2D230A936EE7049B8B
:109D0000EC18E6E6591C484601F02AFB05460028F7
:109D100000F04381089051E70C9B20930B9B14F8B3
:109D2000012CD97B8A42234609D1302003F8010C4B
:109D3000209B5A1E209213F8012C9142F6D0392A0A
:109D40000BBF0B9A0132927AD2B203F8012CC3E70F
:109D5000049BB0EE480AF0EE680A5C1C20AB01934D
:109D60001DAB009322461CAB0221484600F000FACE
:109D7000054656462C44DDF81CA0AAE630238DF893
:109D80006C3078230FE75F4A0A92FEF7D6BF049B38
:109D9000002B08BF01230493119B4AF48072002B0F
:109DA0000792C0F2D9809DED108B08900A90FFF7C2
:109DB00081BA0C46904601330A9AC8F80020344410
:109DC000072BCDE92334C8F804607FF7A8AC1AEE5E
:109DD000101A22AA484602F0B1F900287EF407AD15
:109DE000DDE923340DF194089BE40D9B079324E6F1
:109DF000119B454D454A002BB6BF2D239DF86B3076
:109E00008DF86B302AF0800AFEF7D8BD1CA8B0EEA2
:109E1000480AF0EE680A02F017F900224FF07F536B
:109E200051EC100BF6F7A8FB02460B4643EC192B3E
:109E300000220023F7F708FA08B101231C93344BE2
:109E40000B93ECE6672715990B78FF2B00F0B08099
:109E500000240D9A204603E001300131FF2B08D089
:109E6000934206DAD21A4B78002BF5D10B780134E5
:109E7000F4E715910D920F900C940C9A0F9B189982
:109E80001344079A01FB0323079323EAE373039325
:109E9000FFF799BA129BD3181944079166274BE62E
:109EA000002956D130228DF87A200DF17B02303313
:109EB00002F8013B1EABD31A1693FFF76DBA07F1F8
:109EC0000F02D2B20121FFF725BA51EC180B002284
:109ED0000023F7F7B9F900287FF4F4AD049BC3F130
:109EE00001031C93EFE5C3F101031A4422EAE27374
:109EF000079203936727ABE520E800080000304095
:109F00000000E03F50E8000804E8000808E8000806
:109F10000CE80008F4077FF54AAAFFF744BA264A7E
:109F20000A922AE4049A06F0010656EA020304D1D2
:109F300001230393662707938AE5129B01331A4492
:109F400022EAE27307920393662781E51A4B0A938C
:109F500097E40DF17A02AAE70890C5E6164A0A923C
:109F6000D2E4099B9BF80170934653F8042B0993A4
:109F700042EAE2720492FEF70EBB02231693FFF749
:109F80000BBA1AEE902A0C2313604FF0FF3305939F
:109F9000FEF73EBC084A0A920DE71AEE101A8B89AA
:109FA00043F0400213468A81FEF72BBC049CE0E696
:109FB00000230C930F9360E750E800082DE9F04769
:109FC000DFF880A00646DAF8000098460F46914672
:109FD000FEF788FA1A4B1B68D3F8484124B365682A
:109FE0001F2D26DC5EB96B1C0235DAF800006360B9
:109FF00044F82570FEF778FA0020BDE8F08704EBFE
:10A0000085010123C1F88890D4F88821AB401A4318
:10A01000022EC4F88821C1F80881E4D1D4F88C213B
:10A020001343C4F88C31DEE703F5A674C3F8484146
:10A03000D5E7DAF80000FEF757FA4FF0FF30DCE71B
:10A04000F8E70008400400202DE9F04F03690C698F
:10A05000A34283B0C0F28780013C01F11405A30044
:10A0600000F11408009355F8243058F824200133E7
:10A0700081469A4208EB840005EB84070190B2FB0D
:10A08000F3F63BD30023AE4640469B465EF804AB56
:10A0900002681FFA8AFC06FB0C334FEA134C4FEAA6
:10A0A0001A4A06FB0ACA1FFA83FCABEB0C0C1FFA18
:10A0B0008AF31CFA82FCC3EB124202EB2C421FFA19
:10A0C0008CFC4CEA0243774540F8043B4FEA224BB4
:10A0D0004FEA1A43DAD2009B58F8033073B9019B58
:10A0E000043B984504D307E0984504F1FF3403D2BC
:10A0F00053F80429002AF7D0C9F81040484601F067
:10A1000073FE00282BDB01364046002355F8041B64
:10A11000D0F800C08AB29A1A0B0C12FA8CF2C3EB78
:10A120001C4303EB224392B242EA0342AF4240F89F
:10A13000042B4FEA2343E9D258F8242008EB840388
:10A140006AB9043B984504D307E0984504F1FF340D
:10A1500003D253F80429002AF7D0C9F8104030463A
:10A1600003B0BDE8F08F002003B0BDE8F08F00BF62
:10A170002DE9F04F2DED068B95B08DED020B019181
:10A18000016C249D099259EC108B0446069341B151
:10A19000426C4A60012393408B6001F0C3FB0023B3
:10A1A0002364B9F1000AB4BF012300232B607C4B68
:10A1B000BCBF2AF0004ACDF80CA033EA0A0300F035
:10A1C000B2809DED027B002251EC170BB0EE479A56
:10A1D000F0EE679A0023F7F737F8074680B1069A42
:10A1E00001231360259B002B00F0DB826D48186073
:10A1F000431E0093009815B0BDEC068BBDE8F08FB0
:10A2000012AA13A92046B0EE490AF0EE690A01F03D
:10A21000B3FEB0EE498AF0EE698A5FEA1A56054647
:10A2200040F09980DDE912763E4406F23240202863
:10A2300040F3AB83C0F140000AFA00FA06F2124084
:10A2400028FA00F04AEA0000F6F71CF90123013E63
:10A250000D93A1F1F871544B0022F5F7D5FF4AA3F5
:10A26000D3E90023F6F788F949A3D3E90023F5F7EA
:10A27000CDFF804630468946F6F714F946A3D3E968
:10A280000023F6F779F902460B4640464946F5F7B2
:10A29000BDFF80468946F7F71FF80022834600235A
:10A2A00040464946F6F7DAFF002840F06D82BBF1E0
:10A2B000160F00F25C823D4B03EBCB03D3E9002386
:10A2C00051EC190BF6F7CAFF002875D00023BE1B0E
:10A2D0000C93731E0BF1FF3B049300F14F8200239C
:10A2E0000893BBF1000F6EDA089BCDF814B0A3EB16
:10A2F0000B030893CBF100030B93019B092B4FF049
:10A30000000B69D8052B40F33E83043B01930026E4
:10A31000019B023B032B00F29986DFE813F04E0409
:10A320004B0443042604069A42F20F73CAF3130A3D
:10A3300013605AEA08031DD1259B002B00F07D868F
:10A340001B4B00930833259A0098136015B0BDECA1
:10A35000068BBDE8F08F18EE903AC3F3130351EC6F
:10A36000190B43F07F510D97A6F2FF36129F41F46F
:10A37000401170E7259B002B40F0DB830D4B0093D1
:10A3800038E700BFAFF3008061436F63A787D23F18
:10A39000B3C8608B288AC63FFB799F501344D33FD4
:10A3A0000000F07F3DE800080000F83FB0E9000839
:10A3B00064E8000860E80008BE1B731E049300F107
:10A3C0009A840C900890049B5B44CDE9043B0023E5
:10A3D0000B93019B092B95D9002301264FF0FF32E7
:10A3E00001930A9607920993079B0F9300216164DA
:10A3F000204601F071FA0090002800F02F86009BA3
:10A400002364079B0E2B00F2F980002E00F0F680EB
:10A410000599002940F37184BD4B01F00F0203EB55
:10A42000C2034FEA2118C905D3E9006740F103844C
:10A43000B84B51EC190BD3E90823F6F7C7F941ECF7
:10A44000180B08F00F084FF0030AB8F1000F13D0F3
:10A45000DFF8C09218F0010F09D030463946D9E92B
:10A460000023F6F789F80AF1010A06460F465FEA6B
:10A47000680809F10809EDD151EC180B32463B464A
:10A48000F6F7A4F941EC1A0B0C9B5BB157EC1A6B75
:10A49000A14B1AEE100A00223946F6F7DFFE00281B
:10A4A00040F052855046F5F7FDFF53EC1A2BF6F7B6
:10A4B00063F89A4B0022F5F7A9FE079B8046A1F1AD
:10A4C0005079002B00F0F383059B1093079B0E93AC
:10A4D0000A9B002B00F0C0840E9A8D4B9049DDF84A
:10A4E00000A003EBC20353E902230020F6F76EF944
:10A4F00042464B46F5F788FE59EC1A8B41EC180B97
:10A5000049461AEE100AF6F7E7FE0746F5F7CAFFC6
:10A5100002460B461AEE100A4946F5F775FE30372B
:10A520000AF8017B53EC182B06460F46F6F796FE09
:10A53000002840F055854FF000080AEE105ACDF87B
:10A5400044B055465BEC18AB08EE104A44462AE08E
:10A550000E9B01349C424BDA724B50465946002206
:10A56000F6F70AF86F4B002282468B463046394692
:10A57000F6F702F889468046F6F7AEFE0746F5F78D
:10A5800091FF02460B4640464946F5F73DFE3037FF
:10A5900005F8017B52465B4606460F46F6F75EFE1F
:10A5A000002840F0188532463B465B490020F5F70D
:10A5B0002BFE52465B46F6F751FE0028C8D0109B92
:10A5C000009A0593AA4618EE104A1AEE105A02E0B5
:10A5D000924500F0EA84D1461AF8013D392BF7D0B4
:10A5E0000133DBB28AF80030059B01330593ABE100
:10A5F000DDF844B01AEE105A18EE104A139B002BE7
:10A60000C0F29480059A0E2A00F39080404B03EB31
:10A61000C203D3E90089099B002B1BDA079B002B9F
:10A6200018DC40F05D83404B002240464946F5F778
:10A63000A3FF02460B4651EC190BF6F719FEDDF8A5
:10A640001CA05646002800F0D082099BDDF800804F
:10A65000DF43D2E242464B4651EC190BF6F7B6F80F
:10A66000F6F73AFE06468346F5F71CFF42464B4690
:10A67000F5F782FF0B46024651EC190BF5F7C4FDC6
:10A68000DDF800A0334630330AF8013B079B012B6D
:10A6900000F08E834FF0010B08EE105A08EE904A3E
:10A6A0001D465446DA461DE042464B463046394682
:10A6B000F6F78CF8F6F710FE8346F5F7F3FE424600
:10A6C0004B46F5F759FF0AF1010A0B460246394697
:10A6D0003046F5F799FD0BF13003AA4504F8013B2C
:10A6E00000F061830F4B0022F5F746FF00220023A4
:10A6F00006460F46F6F7A8FD0028D5D0A24618EE6C
:10A70000105A18EE904A059B01330593D1461BE180
:10A71000B0E9000888E900080000F03F00001C4094
:10A720000000E03F00002440000014400A9A002A84
:10A730003FD0019A012A40F39C82079B03F1FF3826
:10A740000B9B4345C0F26E82A3EB0808079B002BCE
:10A75000C0F26683049A1A440492089A17461A446F
:10A7600008920121204601F08BF9064625E00123DD
:10A77000BE1B0C93731E04937FF5B1ADC6F10103AC
:10A78000089300230493ACE55846F5F78BFE424648
:10A790004B46F6F759FD00287FF489AD0BF1FF3BDE
:10A7A00085E5874B0093009815B0BDEC068BBDE89E
:10A7B000F08FDDF82C80089F0A9E002F0CDD049A94
:10A7C000002A09DD0899BA421346A8BF3B46C91AB8
:10A7D000FF1AD31A089104930B9BDBB10A9B002B41
:10A7E00000F08282B8F1000F0FDD3146424620466C
:10A7F00001F022FA2A4601460646204601F06EF98B
:10A8000029460546204601F08DF80B9BB3EB080264
:10A8100040F000830121204601F032F9BBF1000F26
:10A82000824600F3B780019B012B40F386814FF0F5
:10A8300000080120BBF1000F40F0B880049A1044DA
:10A8400010F01F0000F09680C0F12003042B40F3AD
:10A85000F883089BC0F11C0003440244089307449A
:10A860000492089B002B05DD29461A46204601F07C
:10A8700043FA0546049B002B05DD51461A46204647
:10A8800001F03AFA82460C9B002B40F03781079B7F
:10A89000002B40F31E810A9B002B40F0A180059BFA
:10A8A00001330593DDF80080DDF81C90012707E0F7
:10A8B000294600230A22204601F03EF801370546CA
:10A8C00051462846FFF7C0FB4F4500F1300008F81D
:10A8D000010BEDDB079A002AC8BF9346009AD8BF48
:10A8E0004FF0010B034693440027294601222046DE
:10A8F000019301F001FA5146054601F075FA00286E
:10A9000040F3A5811BF8013C009A0BF1FF3B04E0EA
:10A910005A4500F0A7811BF8013D392B0BF10109C5
:10A92000F6D001338BF800305146204600F0FAFF94
:10A9300056B12FB1B74203D03946204600F0F2FF9E
:10A940003146204600F0EEFF2946204600F0EAFF9F
:10A95000002389F80030DDE905231A60259B002BD0
:10A960003FF448AC0098C3F8009015B0BDEC068BDE
:10A97000BDE8F08F1C20089B03440893049B03440C
:10A98000074404936DE70126C2E4C0F1200008FAF1
:10A9900000F059E401465A46204601F04DF9019B6A
:10A9A000012B824640F3D5814FF00008DAF81030D1
:10A9B0000AEB8303186901F013F8C0F120003DE7AA
:10A9C0003CE80008314600230A22204600F0B4FF8C
:10A9D0000F9B002B064640F32383CDF8149007937A
:10A9E000002F00F31881B8F1000F40F0FC81B04651
:10A9F000029B009F079903F001027B1E1944019BF3
:10AA00000A9213430891099351462846FFF71CFB0D
:10AA100031468346284601F0E7F9424651468146D1
:10AA2000204601F003FAC26801460BF13003002A08
:10AA300042D104902846079301F0D6F90499029078
:10AA4000204600F06FFF029A079B1AB90999002966
:10AA500000F0D682B9F1000FC0F28781019949EA6E
:10AA600001090A9951EA090100F07F81002A00F3E7
:10AA7000E781089A3B7007F101099742CB4600F045
:10AA8000E581294600230A22204600F055FF46456D
:10AA9000054631464FF000034FF00A02204612D01F
:10AAA00000F04AFF4146064600230A22204600F0F5
:10AAB00043FF4F468046A7E72046029300F032FF4F
:10AAC000029B0122C6E700F037FF4F46064680464C
:10AAD0009AE7019B022B77DC0A9B002B80D1059B18
:10AAE0005146013328460593FFF7AEFADDF800B072
:10AAF00000F130030BF8013B0027F6E651462846EB
:10AB000001F072F90028BFF6C2AE294600230A22DE
:10AB1000204600F011FF059B03F1FF390A9B054613
:10AB2000002B7FF44FAF0F9B002B40F370820793F5
:10AB3000B8E6BD4B0093033305E4DDE902120029BA
:10AB40007FF475AEC2F31303002B7FF470AEB74BE6
:10AB50001340002B00F03D82089B01330893049BB7
:10AB6000013304934FF0010863E601230A93099B24
:10AB7000059A13440F930133012B1F460793B8BF67
:10AB800001270021172F61647FF732AC01220423D3
:10AB90005B0003F11400B842114602F10102F7D93B
:10ABA000616425E401230A93099F002F4ADD0F9772
:10ABB0000797E6E700230A93D9E700230A93F3E710
:10ABC0000F9BCDF814900793079B002B7FF43DADAE
:10ABD00051460522204600F0AFFE01468246284637
:10ABE00001F002F900287FF730AD0098059F31236E
:10ABF000804600F8013B013700905146204600F0A6
:10AC000091FE7B1CDDF800900593CDF80080002EAE
:10AC10007FF496AE98E631463A46204601F06CF84D
:10AC20000646E0E60B9BCDF82C80A8EB03039B4483
:10AC30004FF000088AE54FF0020AB0EE498AF0EEC4
:10AC4000698A02E4012309930793FFF7CDBB03D17F
:10AC5000019BDB073FF556AED9461BF8013D302B73
:10AC6000FAD061E6059B009A0133059331231370F6
:10AC70005AE60D9A002A00F0638103F23343049AE6
:10AC8000DDF82C801A440492089A17461A44089258
:10AC900067E55046F5F706FC53EC1A2BF5F76CFC0C
:10ACA000634B0022F5F7B2FA8046A1F15079614B6F
:10ACB000002251EC1A0BF5F7A7FA42464B4606461E
:10ACC0000F46F6F7E9FA002840F07F813046394612
:10ACD000424609F10043F6F7C1FA00283FF48EAC72
:10ACE0004FF0000A5646B0E429460B9A204600F081
:10ACF000A3FF05468EE50C9040E500F04E81059AD5
:10AD00004D4B564206F00F0203EBC203D3E900237A
:10AD100051EC190BF5F730FC361141EC1A0B00F031
:10AD20008881464F00234FF0020AF20706D5D7E983
:10AD30000023F5F721FC0AF1010A0123761007F13F
:10AD40000807F2D1002B3FF49FAB41EC1A0BFFF741
:10AD50009BBB029B002B7FF427AEDDE90212C2F3FE
:10AD60001303002B3FF4F3AE1EE6002A12DD294642
:10AD700001222046019300F0BFFF5146054601F035
:10AD800033F80028019B40F33581392B00F0138103
:10AD90000BF13103B94609F8013B059B01333746F6
:10ADA00005934646C0E5A24618EE105A18EE904AA2
:10ADB00002460B46F5F72AFA42464B4606460F4630
:10ADC000F6F76AFA60B942464B4630463946F6F71E
:10ADD0003BFA00283FF497AC5FEACB717FF593AC68
:10ADE000009AFFF7F8BB7168204600F075FD074632
:10ADF000002800F03A81336902339A0006F10C0111
:10AE00000C30F6F75BF839460122204600F074FF5B
:10AE10008046EDE52946204600F00EFF0546F9E4A0
:10AE2000DDE907239F1A9CE460E800080000F07F3A
:10AE300000001C4000001440B0E9000888E9000848
:10AE4000392B00F0B880B9460133A4E7059A0132E6
:10AE500037460592464648E50E988D4901EBC001FC
:10AE600042464B4651E90201F5F786FB5AEC1A9B24
:10AE700041EC180B51461AEE100AF6F72DFA074668
:10AE8000F5F710FB02460B461AEE100A5146F5F78D
:10AE9000BBF906460E98DDF800803037012808F827
:10AEA000017B0F4600F0BA800E9B009ACDF838B0B7
:10AEB00013449B46C246774B002230463946F5F78D
:10AEC0005BFB89468046F6F707FA0746F5F7EAFA8C
:10AED000303702460B4640464946F5F795F90AF8E1
:10AEE000017BDA4506460F46E5D1DA46DDF838B093
:10AEF000694B59EC188B002218EE100A4946F5F7F9
:10AF000085F932463B46F6F7A9F900286DD118EECF
:10AF1000102A4B4660490020F5F776F932463B4649
:10AF2000F6F7BAF900283FF469ABD1460AF1FF3AC7
:10AF300019F8013C302BF8D0109B0133059303E541
:10AF4000129BC3F136039AE6079B002B3FF4A1AE98
:10AF50000F9B002B7FF752AB059A0E93013A4D4B96
:10AF600010921AEE100A39460022F5F705FB024648
:10AF700016460F460AF10100F5F794FA32463B46B1
:10AF8000F5F7FAFA454B0022F5F740F947EC1A6B52
:10AF90008046A1F15079FFF79BBA4FF0020AB0EE5C
:10AFA00049AAF0EE69AAFFF76FBA059B0133059332
:10AFB0003123FFF717BB059BBB46013305933923AC
:10AFC00037460BF8013B46469EE44FF0000A5646D2
:10AFD0000BE698462DE4AA4618EE104A1AEE105ACF
:10AFE000109B01330593D146AEE4109B009A059364
:10AFF000FFF7F1BA7FF4CEAEDA077FF5CBAEC4E649
:10B00000392BD8D0B9F1000F3FF7C2AEC2E6019B91
:10B01000022B3FF7D5ADCDF8149060E5C24667E747
:10B02000019B022B3FF7CCAD0F9BCDF814900793FB
:10B03000D6E44FF0020AFFF727BA194B0093FFF747
:10B04000D9B83FF40EACC0F13C0094E4002666642D
:10B050003146204600F040FC009068B9114B124880
:10B0600000224FF4D57101F0E5F80E4B0E483A4638
:10B0700040F2EA2101F0DEF8009B236401224FF048
:10B08000FF3309960F930A920793FFF7B7BA00BFF1
:10B09000B0E90008000024400000E03F00001C4030
:10B0A00064E8000870E8000884E80008F8B5244F58
:10B0B0000C46064600F004FCBA685568C4F57E6389
:10B0C0000F3325F003052B4423F47F6323F00F0394
:10B0D000A3F58054B4F5805F07DB0021304600F013
:10B0E000E9FFBB682B44984204D0304600F0EEFBE9
:10B0F0000020F8BD6142304600F0DCFF01300DD089
:10B10000104ABB682D1B45F001055D601368304691
:10B110001B1B136000F0DAFB0120F8BD0021304654
:10B1200000F0C8FFBA68831A0F2BDEDD43F001037D
:10B130005360054B03491B68C01A0860D5E700BF80
:10B140004404002048A500204C080020002961D0BC
:10B15000F8B50C46064600F0B3FB54F8042C7B4FC0
:10B16000A4F1080522F0010105EB010CB868DCF838
:10B170000430604523F0030300F08B80D207CCF845
:10B18000043032D454F8082CAD1A1144AA6807F1DF
:10B19000080082426AD00CEB0304D4F804E0EC68A7
:10B1A000D4601EF0010FA26000F0978041F001030F
:10B1B0006B60CCF80010B1F5007F35D27A68CB080F
:10B1C00048090121013381401143796007EBC30233
:10B1D00057F83310083AC5E9021247F83350CD60EA
:10B1E0003046BDE8F84000F071BB0CEB030252683A
:10B1F000D00710D4194407F10800DCF80830834266
:10B2000073D0DCF80C20DA60936041F001036B60CE
:10B210006950D0E7704741F00103B1F5007F44F871
:10B22000043CCCF80010C9D3B1F5206F4FEA51238C
:10B2300048D28B0903F1390003F13802C300F81832
:10B24000FB580838984259D05A6822F003028A42C3
:10B2500002D99B689842F7D1D868C5E90230856069
:10B26000DD603046BDE8F84000F030BB0CEB030277
:10B270005268D20763D40B44DCE90212CA609160C1
:10B2800043F001026A603046EB50BDE8F84000F040
:10B290001DBB0B44D10707D454F8082CAD1A134436
:10B2A000D5E90212CA60916043F001026A60284A3F
:10B2B000BD6012689A4293D8264B30461968FFF752
:10B2C000F5FE8DE7142B0AD9542B1FD80B0B03F175
:10B2D0006F0003F16E02C300B1E719448DE703F17B
:10B2E0005C0003F15B02C300A9E741F00103C7E979
:10B2F0000455C5E902006B60695071E779689210E6
:10B30000012404FA02F20A437A60A6E7B3F5AA7FA1
:10B3100006D8CB0B03F1780003F17702C3008EE768
:10B3200040F25452934206D88B0C03F17D0003F196
:10B330007C02C30083E74FF47E737E227FE741F0F7
:10B3400001036B60CCF800104AE700BF4404002002
:10B350005008002078A500200048704744090020CC
:10B360002DE9F04F01F10B06162E83B0044624D8C8
:10B37000102900F2BA8000F0A3FA10261822022049
:10B38000B54F3A44A2F1080153688B4200F0BA80ED
:10B390005A68D96822F003021A449D68E9608D60FA
:10B3A000516841F001012046516003F1080500F0A9
:10B3B0008DFA284603B0BDE8F08F36F0070600F19D
:10B3C0009480B14200F2918000F07AFAB6F5FC7FE9
:10B3D000C0F09A81730A00F08F80042B00F26F8115
:10B3E000B30903F1390003F1380CC3009A4F3B4411
:10B3F000A3F108055B689D4206D10CE0002980F2AC
:10B400002781DB689D4206D05A6822F00302911B17
:10B410000F29F3DD60463D69DFF850C265457CD0F9
:10B420006A6822F00302931B0F2B00F37B81002B31
:10B43000C7E904CC80F26C81B2F5007F80F01A81FC
:10B44000D308796801334FEA521E012202FA0EF244
:10B450000A4357F833E0C5F808E007EBC3010839A1
:10B46000E9607A6047F83350CEF80C508310012120
:10B470009940914257D8114206D120F0030049006B
:10B48000114200F10400FAD007EBC0094D46864690
:10B49000D5F80C80454508D11DE1002B80F22481B0
:10B4A000D8F80C80454500F01681D8F8042022F029
:10B4B0000302931B0F2BF0DD2046D8E9025408EB62
:10B4C000060146F00106C8F80460EC60A56043F090
:10B4D0000104C7E90411C1E902CC4C6048F802300C
:10B4E00000F0F4F908F1080502E00C2323600025C0
:10B4F000284603B0BDE8F08F4FF4007340204FF0B2
:10B500003F0C73E7D3689A4208BF02307FF440AF24
:10B510003D69DFF858C1654582D17A688310012101
:10B5200099409142A7D9BD686B6823F003094E4545
:10B5300003D8A9EB06030F2B7ADCDFF834B1474BB5
:10B54000DBF800201B680132334405EB090A00F0E8
:10B55000338103F580530F3323F47F6828F00F08FD
:10B560004146204600F0A6FD411C024600F0F38053
:10B57000824500F2EE803A4B196841441960084652
:10B5800000F04E81DBF80010019301311BBFA2EBEC
:10B590000A0A5044CBF80020186012F0070B00F0A4
:10B5A0001781CBF108010A44CBF580519044083152
:10B5B000A1EB0801C1F30B0A51462046009200F0AE
:10B5C00079FD421CDDE9002300F04F81801A00EB79
:10B5D0000A081968BA6048F001005144BD42506041
:10B5E000196000F02981B9F10F0F40F227816868D6
:10B5F000A9F10C0C2CF0070C00F0010040EA0C0043
:10B6000068604FF0050E05EB0C00BCF10F0FC0E9B0
:10B6100001EE00F2328150681546124B1A688A42D8
:10B6200038BF1960104B1A688A4238BF196094E01D
:10B63000AA1943F0010346F001066E602046BA6085
:10B64000536000F043F90835284603B0BDE8F08F99
:10B65000D9681A44A1E600BF4404002078A5002060
:10B6600048A5002070A5002074A500204C040020EF
:10B670004C080020B2F5206F4FEA522363D3142BFD
:10B6800000F2B78003F15C01C9005B3307EB010EE8
:10B690007958AEF1080E8E4500F091804B6823F08A
:10B6A0000303934202D989688E45F7D1D1F80CE0A3
:10B6B0007A68C5E9021ECEF80850CD60D6E6142B94
:10B6C00059D9542B00F29D80330B03F16F0003F125
:10B6D0006E0CC3008AE60EF1010E1EF0030F05F199
:10B6E00008057FF4D5AE51E0424445465368D8F88A
:10B6F0000C1043F00103536055F8083F2046D96011
:10B700008B6000F0E3F8F3E6F00806F1080237E694
:10B710002A442046536843F001035360083500F083
:10B72000D5F8E5E6A919204646F0010643F00104E4
:10B730006E60C7E90411C1E902CC4C60AB5000F067
:10B74000C5F80835D4E6930903F13901C900383347
:10B750009CE7BD425FD0BD68686820F0030846459D
:10B76000A8EB060302D80F2B3FF762AF204600F08C
:10B77000ADF80025BCE603F15C0003F15B0CC300EF
:10B7800034E659F808394B4540F0968010F0030F25
:10B7900000F1FF30F5D17B6823EA01037B604900AB
:10B7A00099423FF6C0AE19B9BDE649000EF1040E4C
:10B7B0001942FAD0704667E603F11008D0E69A10F5
:10B7C0004FF001087B6808FA02F21A437A6070E7CA
:10B7D00002EB08014942C1F30B0A51462046009290
:10B7E00000F068FC431CDDE900237FF4EFAEDA468D
:10B7F000EFE6542B25D8130B03F16F01C9006E330C
:10B8000044E7B3F5AA7F25D8F30B03F1780003F1E1
:10B81000770CC300EAE5294B186840441860B1E68C
:10B82000CAF30B0CBCF1000F7FF4ACAEBD68C8448A
:10B8300048F001006860F0E61546EEE6012353602B
:10B8400094E7B3F5AA7F23D8D30B03F17801C9009D
:10B8500077331BE740F25452934223D8B30C03F1E1
:10B860007D0003F17C0CC300C0E5ABF1080BD844AC
:10B87000A8EB02084FF0000AABE605F108012046EC
:10B880000093FFF763FCBD68009B68681968C4E615
:10B8900040F254518B420BD8930C03F17D01C90047
:10B8A0007C33F3E64FF47E737F204FF07E0C9DE5F2
:10B8B0004FF47E717E23E9E67B6870E748A500209F
:10B8C0000148FCF70FBE00BF3CA500200148FCF773
:10B8D0000BBE00BF3CA50020C36C70B505460C46EE
:10B8E0004BB153F8240080B1026843F824200023B0
:10B8F000C0E9033370BD2122042100F0BBFC0346E4
:10B90000E8640028EDD1002070BD012101FA04F6A1
:10B91000721D9200284600F0ADFC0028F3D0C0E96B
:10B920000146E4E731B1C36C4A6853F8220008606D
:10B9300043F82210704700BFF0B50C69064683B08B
:10B940000D4601F1140E0020DEF800101FFA81FCF4
:10B9500002FB0C334FEA134C090C02FB01CC013003
:10B960009BB203EB0C4384424EF8043B4FEA1C436A
:10B97000EADC3BB1AA68A24207DD05EB8402013490
:10B9800053612C61284603B0F0BD69680193013111
:10B990003046FFF7A1FF019B0746B8B12A69019322
:10B9A000023205F10C0192000C30F5F787FAF26CC7
:10B9B0006968019B52F82100286042F821503D46F9
:10B9C00005EB8402013453612C61DBE7024B034831
:10B9D0003A46B52100F02EFC70E8000804E90008A2
:10B9E000030C1B04D3B90004102310F07F4F04BFD5
:10B9F0000002083310F0704F04BF0001043310F050
:10BA0000404F04BF80000233002805DB10F0804F58
:10BA100003F1010308BF2023184670470023E4E721
:10BA2000036813F00702014607D0DA071FD498070E
:10BA300021D55B080B600120704798B2A0B1104679
:10BA4000DAB20AB908301B0A1A0704BF1B0904300E
:10BA50009A0704BF9B080230DA0703D45B0800F1A1
:10BA6000010006D00B6070471B0C1020E8E7002097
:10BA70007047202070479B080B600220704700BF72
:10BA800038B5C36C04460D464BB15868B0B1026876
:10BA90005A6000220123C0E90435C26038BD21226A
:10BAA000042100F0E7FB0346E0640028EDD1094BD8
:10BAB000094800224FF4A07100F0BCFB1C220121B8
:10BAC000204600F0D7FB0028F1D001220223C0E974
:10BAD0000123DEE770E8000804E900082DE9F04FD3
:10BAE0000E691569AE4285B08846144605DB2A46C4
:10BAF000234635460C4616469846A3686168AF193A
:10BB0000BB42B8BF0131FFF7E7FE0190002800F00B
:10BB10008780019B03F1140909EB870AD14505D2FF
:10BB20004B46002243F8042B9A45FBD808F1140831
:10BB300008EB860B04F11403D8451A4603EB850580
:10BB40005FD22B1B153B23F0030304331534A542AE
:10BB500038BF0423CDE902A7AC461F46924605E054
:10BB6000000C29D1C34509F1040948D958F8040B40
:10BB700085B2002DF4D056464C46002356F8040BEF
:10BB8000216882B21FFA81FE05FB02EE000C0A0C4E
:10BB9000734405FB002202EB13429BB243EA0243CB
:10BBA000B44544F8043B4FEA1243E7D849F807305C
:10BBB00058F8040C000CD5D0D9F80030544619467A
:10BBC0004D4600222688090C00FB06110A449BB250
:10BBD00043EA024345F8043B54F8046B2968360CE9
:10BBE0008BB200FB063303EB1243A4454FEA13422A
:10BBF000E8D8C34549F8073009F10409B6D8DDE9AA
:10BC000002A7002F02DC05E0013F03D05AF8043DF3
:10BC1000002BF9D0019B18461F6105B0BDE8F08FDD
:10BC2000034B0448019A40F25D1100F003FB00BF92
:10BC300070E8000804E9000812F003032DE9F04160
:10BC40001446064632D10D46A41020D0D6F84880BE
:10BC5000B8F1000F33D0E3074FF0000707D46410AA
:10BC600015D0D8F80000A8B18046E307F7D54246C2
:10BC700029463046FFF732FFB5B16968F36C6410AE
:10BC800053F821202A6043F821500546E9D128467F
:10BC9000BDE8F081424641463046FFF71FFFC8F835
:10BCA000000007608046E0E70546D8E7013B0F4A01
:10BCB00052F823200023FFF73FFE0546C4E7012189
:10BCC0003046FFF709FE804640B1012340F2712261
:10BCD000C0E904320023B0640360BCE7044B0548AC
:10BCE00042464FF4A07100F0A5FA00BF78EA0008C0
:10BCF00070E8000804E900082DE9F0470C4690467A
:10BD00002669A368496806EB6216751C9D420746C2
:10BD10004FEA621904DD5B009D4201F10101FADC8A
:10BD20003846FFF7D9FD8446002851D0B9F1000FFD
:10BD300000F114000EDD09F105024FEA820E034600
:10BD40000CEB8202002143F8041B9342FBD1AEF1BD
:10BD500014031844216904F1140318F01F0803EBBD
:10BD600081012DD0C8F1200986464FF0000A1A68DB
:10BD700002FA08F242EA0A024EF8042B53F8042BA6
:10BD8000994222FA09FAF2D80B1B153B23F0030360
:10BD9000043304F11502914238BF0423BAF1000FB5
:10BDA00018BF2E4640F803A0FB6C6268CCF8106008
:10BDB00053F822102160604643F82240BDE8F08726
:10BDC000043853F8042B40F8042F9942F9D8EBE7D4
:10BDD000034B0448624640F2D91100F02BFA00BF31
:10BDE00070E8000804E900080B6984460069C01A7D
:10BDF00016D10CF1140C14310CEB830210B401EBCE
:10BE0000830301E0944508D252F8044D53F8041D11
:10BE10008C42F7D005D24FF0FF305DF8044B7047ED
:10BE2000704701205DF8044B704700BF2DE9F84FC3
:10BE30000F691369FF1A002F0E4690467AD101F15F
:10BE40001405143202EB830205EB830301E09D42EB
:10BE500073D253F8041D52F8044DA142F7D064D3B5
:10BE60007168FFF739FD8146002872D03569D8F82E
:10BE70001020C76008F1140E06F1140009F1140A2D
:10BE800006F1100C0EEB820200EB850756460021EE
:10BE90005EF8044B5CF804BFA3B211FA8BF1CB1A25
:10BEA000210CC1EB1B4101EB23419BB243EA01434F
:10BEB000724546F8043B4FEA2141E9D8A2EB080459
:10BEC000153C08F11508424524F0030606F1040666
:10BED00038BF0426304424F0030238BF00228742D2
:10BEE0005244B24416D95646044654F8043B11FA5B
:10BEF00083F10A1402EB134289B241EA0243A742DA
:10BF000046F8043B4FEA2241EFD87A1E101A20F07F
:10BF10000302524423B952F8043D013D002BFAD0EC
:10BF2000C9F810504846BDE8F88F33460127464609
:10BF3000984695E7F9DB002792E70021FFF7CCFC54
:10BF4000814668B101220023C9E904234846BDE8BF
:10BF5000F88F074B07484A464FF4107100F06AF912
:10BF6000034B04484A4640F2322100F063F900BF17
:10BF700070E8000804E900082DE9F043884683B022
:10BF8000012157EC106B1546FFF7A6FC044600286C
:10BF90004FD0C7F30A59C7F31303B9F1000F01D00B
:10BFA00043F48013002E019324D068460096FFF7D7
:10BFB00037FD002839D0DDE90013C0F1200203FA73
:10BFC00002F20A43C34062610193002B14BF0222B4
:10BFD0000122A3612261B9F1000F16D0A9F2334307
:10BFE0000344C0F13500C8F800302860204603B093
:10BFF000BDE8F08301A8FFF713FD019B63610122F7
:10C0000020302261B9F1000FE8D104EB8203A0F2E5
:10C010003240C8F800001869FFF7E2FCC0EB42109C
:10C020002860204603B0BDE8F083009B6361019B5C
:10C03000CBE7034B0348224640F20A3100F0FAF8FE
:10C0400070E8000804E9000853EC102B70B5164E98
:10C0500023F000410025B1420446056021DC10EECA
:10C06000106A0E431DD0114E1E40184666B919467F
:10C07000002210EE100A0E4BF4F77EFA6FF0350531
:10C080000246084621F0004120F0FF40091520F447
:10C09000E000A1F2FE3140F07F53294443F4001345
:10C0A000216043EC102B70BDFFFFEF7F0000F07F9D
:10C0B0000000504338B5074D0022044608462A6068
:10C0C000F5F756FD431C00D038BD2B68002BFBD084
:10C0D000236038BD7CA5002030B540EA0104A307E9
:10C0E00001D1032A0FD8844601F1FF3E07E01EF874
:10C0F000011F03F8011B541EC1B19C462246634632
:10C10000002AF4D130BD0B468446194653F8045B2F
:10C11000A5F1013424EA050414F0803FE4D1043A87
:10C12000032A4CF8045B1946EFD8DDE76244002C83
:10C13000E8D003F8011B9342FBD130BD2DE9F04F4D
:10C14000936883B09146002B6ED017688D68804647
:10C150000C460868083744E0A38913F4906F2ED08A
:10C16000D4E90415A0EB010A05EB450505EBD575EF
:10C170000AEB06006D100130A8422A4684BF05462E
:10C180002A465B0537D511464046FFF7E9F80028F7
:10C190003BD0524621690190F4F790FEA289019BA1
:10C1A00022F4906242F08002A281A5EB0A0203EB26
:10C1B0000A006561A260236120603546B246594697
:10C1C000524600F0C3F8A068D9F808102368451B50
:10C1D0008E1B03EB0A00A5602060C9F808601EB33F
:10C1E000083757E902B6002EFAD0B542AA46B3D9AD
:10C1F0003546B246E3E7404600F024F903460028FE
:10C20000D3D121694046FEF7A1FF0C23C8F80030C6
:10C21000A389002243F040034FF0FF30A381C9E916
:10C22000012203B0BDE8F08F0020C9F8040003B07C
:10C23000BDE8F08F00B50B4C25681446EE681A4631
:10C2400085B003460D464CB107490095CDE9011470
:10C250003046064900F04AF801F0D2FA04490C468B
:10C26000F3E700BF1400002084EA000894EA000805
:10C2700090EA000838B5A1FB02148CBBFFF770F8F8
:10C280000546E0B150F8042C22F00302043A242AB7
:10C2900017D8132A1AD91B2AC0E900441DD9242A09
:10C2A00014BF00F1100200F118024FF00003C0E9C2
:10C2B000024404BF04614461C2E90033936028462C
:10C2C00038BD2146FCF75AF8284638BD02460023FF
:10C2D000C2E900339360284638BD00F10802F6E752
:10C2E000FCF722F80C2300250360E8E70EB410B534
:10C2F00083B005AB064C53F8042B0193014620682C
:10C3000000F0C8FA03B0BDE8104003B0704700BFAA
:10C3100014000020014B93F82801704754080020B6
:10C3200082B049B15AB16BB113780B601278101E0C
:10C3300018BF012002B0704701A9002AF3D11046AE
:10C3400002B070476FF00100F4E700BF88420DD9DA
:10C350008B1883420AD900EB020CBAB1624613F87B
:10C3600001CD02F801CD9942F9D170470F2A0ED8BC
:10C37000034602F1FF3C4AB10CF1010C013B8C4435
:10C3800011F8012B03F8012F6145F9D1704740EAFC
:10C3900001039B0750D1A2F1100370B501F1200CED
:10C3A00023F00F0501F1100E00F11004AC441B093D
:10C3B0005EF8105C44F8105C5EF80C5C44F80C5CB1
:10C3C0005EF8085C44F8085C5EF8045C44F8045CC1
:10C3D0000EF1100EE64504F11004E9D1013312F01C
:10C3E0000C0F01EB031102F00F0400EB031327D035
:10C3F000043C24F003064FEA940C1E441C1F8E4696
:10C400005EF8045B44F8045FB442F9D10CF1010416
:10C4100002F0030203EB840301EB840102F1FF3C11
:10C420004AB10CF1010C013B8C4411F8012B03F8CB
:10C43000012F6145F9D170BD02F1FF3C03469BE736
:10C440002246EBE72DE9F84F1746002900F09880C7
:10C4500007F10B0580460C46FFF732FA162D5DD822
:10C4600010252A46AF425ED854F8041C21F003067A
:10C470009642A4F1080962DABC4BD3F808C009EB74
:10C480000600844500F09780D0F804C02CF001032A
:10C4900003445B68DB0768D42CF0030C06EB0C0349
:10C4A000934247DACB0710D454F8083CA9EB030AAF
:10C4B000DAF8043023F003018C44B444944580F24C
:10C4C00011817318934280F2E88039464046FEF7A6
:10C4D00047FF0746E0B154F8043C23F001034B4406
:10C4E000A0F10802934200F0D280321F242A00F209
:10C4F000F580132A00F2AC800346224611681960C9
:10C500005168596092689A6021464046FEF71EFEC7
:10C510004046FFF7DBF93846BDE8F88F25F0070500
:10C52000002D2A469EDA0C23C8F800300027384632
:10C53000BDE8F88F1E46D0E90223D3609A60731BD2
:10C540000F2B22D8D9F8043003F0010333434E44B3
:10C55000C9F80430736843F001037360404627460E
:10C56000FFF7B4F93846BDE8F88FC907ADD454F8E1
:10C57000083CA9EB030ADAF8041021F00301A0E754
:10C58000BDE8F84F1146FEF7EBBED9F8041001F0F4
:10C5900001012943C9F8041009EB05014E4443F099
:10C5A00001034B60736843F0010308317360404638
:10C5B000FEF7CCFDD2E7DCF8040020F0030B06EB1D
:10C5C0000B0C05F1100084454DDAC9073FF57DAF2E
:10C5D00054F8081CA9EB010ADAF8041021F0030151
:10C5E0008B44B34458453FF76CAF5746DAF80C100C
:10C5F00057F8080F321F242AC160886000F2DB80E0
:10C60000132A40F2D6802168CAF808106168CAF877
:10C610000C101B2A00F2DF8008340AF11002216896
:10C62000116061685160A16891600AEB0501ABEB94
:10C63000050242F0010299604A60DAF8043003F022
:10C6400001031D434046CAF80450FFF73FF96EE767
:10C6500023680360636843601B2A68D804F10802FA
:10C6600000F108034AE709EB05029A60ACEB050309
:10C6700043F00103536054F8043C03F001031D43ED
:10C68000404644F8045CFFF721F927464FE750F88D
:10C69000043C23F003031E4451E75746DAF80C101C
:10C6A00057F8080F321F242AC16088604CD8132A1B
:10C6B00048D92168CAF808106168CAF80C101B2A0A
:10C6C00056D808340AF110021E46236813606368C6
:10C6D0005360A3689360D1463C4630E72146FFF79C
:10C6E00035FE11E7D0E902135746CB60996057F841
:10C6F000081FDAF80C30CB60321F242A99602DD83D
:10C70000132A29D92368CAF808306368CAF80C309C
:10C710001B2A42D808340AF1100322681A606268A2
:10C720005A60A2689A606646D1463C4607E7A3680D
:10C730008360E368C360242A26D004F1100200F16C
:10C740001003DBE63A46BFE7214638461E46D1468F
:10C75000FFF7FCFD3C46F2E63B46DEE72146384665
:10C760006646D146FFF7F2FD3C46E8E64404002069
:10C77000A168CAF81010E168CAF81410242A20D061
:10C7800010340AF118029FE723690361616941616E
:10C7900004F1180200F11803B0E6A368CAF81030DB
:10C7A000E368CAF81430242A21D010340AF118039F
:10C7B000B3E73A4633E721463846FFF7C7FD164B45
:10C7C00033E72269CAF818206269CAF81C201834B5
:10C7D0000AF1200278E7A168CAF81010E168CAF8E7
:10C7E0001410242A0DD010340AF1180217E7236917
:10C7F000CAF818306369CAF81C3018340AF12003EB
:10C800008BE72269CAF818206269CAF81C2018341C
:10C810000AF1200203E700BF440400202DE9F84F8D
:10C820004B6E9C0490462DD59368126843B38B469B
:10C83000064602F1080959E9025A5FEA9A0715D03B
:10C84000043D002401E0A7420ED055F8041F5A46CB
:10C85000304601F08FF9431C04F10104F3D10023A9
:10C86000C8E90133BDE8F88FD8F808302AF0030A88
:10C87000A3EB0A03C8F8083009F10809002BDAD144
:10C880000020ECE701F0AAF90023C8E90133BDE874
:10C89000F88F00BF2DE9F04F2DED028BBBB008EEF5
:10C8A000101A08EE900A1C461746039318B1836BC2
:10C8B000002B00F09C8218EE102A536EDE0740F128
:10C8C0009E81B2F90C108AB2900409D441F400524E
:10C8D00018EE101A4B6E8A8123F4005392B24B6605
:10C8E000110740F1F88018EE103A1B69002B00F098
:10C8F000F28002F01A030A2B00F0FE8011AB0E93B7
:10C900000023CDE90F33CDE9083306930DF1440937
:10C91000079302933B78002B00F05B813C4604E0D8
:10C9200014F8013F002B00F03481252BF8D1E51BD2
:10C9300040F031812378002B00F04B814FF0000351
:10C9400000258DF83330671C637801954FF0FF3B6D
:10C950002B240137A3F120025A2A00F26181DFE87B
:10C9600012F0AB025F015F01A7025F015F015F018F
:10C970006A005F015F0149027E025F015402B90251
:10C980005F01B5025B005B005B005B005B005B006E
:10C990005B005B005B005F015F015F015F015F01A6
:10C9A0005F015F015F015F01360284005F015F018B
:10C9B0005F015F015F015F015F015F015F015F0177
:10C9C000E5005F015F015F011A025F016C025F0118
:10C9D0005F014C055F015F015F015F015F015F0166
:10C9E0005F015F015F015F01360286005F015F0149
:10C9F0005F016202860080005F0158025F019402BD
:10CA0000E700820280005F011A027E006C055F0170
:10CA10005F016E055F017E00A3F13002002117F86F
:10CA2000013B01EB810102EB4101A3F13002092A34
:10CA3000F5D901918EE718EE900AFEF78DFC436858
:10CA400008931846F4F73CFB0990064618EE900A46
:10CA5000FEF782FC83680793002E40F0A9843B78A0
:10CA600077E73B7845F0200573E745F01005AC0605
:10CA7000039E40F18281073626F00706324673682E
:10CA800052F8086B03929846002BC0F25984BBF110
:10CA9000FF3F00F03E8556EA080325F0800A00F0CB
:10CAA00034840A2E78F1000380F0EB8430360123C1
:10CAB0008DF8E760554600930DF1E704009A9DF864
:10CAC00033305A45B8BF5A469046002B00F0B78025
:10CAD00002F10108B3E018EE101A18EE900A18EEF1
:10CAE000105A00F023FE002840F0AC85AA8902F01D
:10CAF0001A030A2B7FF402AF18EE101AB1F90E30A8
:10CB0000002BFFF6FBAE4B6EDE0702D4950540F11D
:10CB1000778518EE101A18EE900A23463A463BB075
:10CB2000BDEC028BBDE8F04F00F0B2BD45F0100542
:10CB300015F0200800F01281039E073626F0070644
:10CB40003346D6F8048053F8086B039325F4806AC3
:10CB500000234FF000028DF83320BBF1FF3F00F0BF
:10CB6000D38156EA08022AF0800540F0CC81BBF15F
:10CB7000000F40F0D184002B40F0CC831AF0010369
:10CB8000009300F0FC8330238DF8E7300DF1E704CB
:10CB900094E7E51B1DD00F9B109A01332A44072B05
:10CBA000C9E9007510920F9305DC09F10809029B91
:10CBB0002B440293BEE6002A00F0A38318EE101A5D
:10CBC00018EE900A0EAAFFF729FE40B90DF14409AC
:10CBD000EDE7109B002B40F0248500230F9318EE07
:10CBE000102A536ED90740F1AE8093895B0600F19D
:10CBF000328502983BB0BDEC028BBDE8F08FB2F9F4
:10CC00000C108D0518EE103A8AB23FF55DAE18EEA5
:10CC1000105A986DFBF766FCB5F90C108AB253E612
:10CC2000002BD6D08DF884304FF001084FF0000370
:10CC30008DF83330CDF8008021AC4FF0000B15F0AB
:10CC40000203049318BF08F1020815F0840305934A
:10CC500005D1019BA3EB0806002E00F37F82DDE9DE
:10CC60000F21501C9DF833608EB10DF1330201315C
:10CC7000C9F8002007284FF00102CDE90F01C9F8DB
:10CC8000042000F34C82024609F108090130049B9C
:10CC9000EBB10DAB0231C9F8003007284FF00203A9
:10CCA000CDE90F01C9F8043040F35382002900F0A8
:10CCB000238318EE101A18EE900A0EAAFFF7AEFDA5
:10CCC00000288CD1DDE90F210DF14409501C059B92
:10CCD000802B00F05A81009BABEB0306002E00F383
:10CCE000BD81009BC9F8004019440728CDE90F0118
:10CCF000C9F8043040F34681002900F0898218EE1B
:10CD0000101A18EE900A0EAAFFF788FD00287FF48B
:10CD100066AF10990DF14409680705D5019BA3EB97
:10CD20000804002C00F37E82DDE901234245ACBFFC
:10CD30009B1843440293002940F0E08100230F93A5
:10CD40000DF14409E6E593899A053FF54FAF18EEDA
:10CD5000104AA06DFBF7C8FBA38947E715F0100345
:10CD600040F03E8315F0400200F0FD83039A52F834
:10CD7000046B03929846B6B2E8E656F8043B039675
:10CD8000E80600F10883690640F1028343F3C038E6
:10CD90001EB2434678E6039E56F8044B4FF000035C
:10CDA0008DF83330002C00F0C583BBF1FF3F00F05D
:10CDB00049835A4600212046F4F71AF9002800F06A
:10CDC0002484031B009303964FF0000B76E6039E2A
:10CDD0004FF000038DF833304FF0010856F8043B54
:10CDE0008DF884300396CDF8008021AC25E700F063
:10CDF000DBFD60E5039B53F8042B0192002A80F2CF
:10CE0000BA82019A0393524201923B7845F004059D
:10CE10009FE53B786C2B03BF7B7845F020050137FD
:10CE200045F0100595E53B78682B03BF7B7845F40A
:10CE30000075013745F040058BE545F0100A1AF002
:10CE4000200800F06E82039E073626F00706334660
:10CE5000D6F8048053F8086B0393012379E63B78F6
:10CE60008DF8334075E5039B53F8046B039330232F
:10CE70008DF8343078238DF83530C24B069345F069
:10CE8000020A4FF00008022363E6AE0600F19E821C
:10CE9000EC0600F14783680600F1A483A90540F180
:10CEA0004183039E029A56F8043B03961A7031E5BB
:10CEB0003B7845F001054CE59DF83330002B7FF4BD
:10CEC000CEAD20238DF833303B7842E53B7845F0FA
:10CED00080053EE5394611F8013B2A2B00F0C4835A
:10CEE000A3F13002092A0F464FF0000B3FF632AD96
:10CEF00017F8013B0BEB8B0B02EB4B0BA3F1300252
:10CF0000092AF5D926E5AA46012B3FF4CAAD022B22
:10CF10003AAC12D1069A06F00F033609D35C04F836
:10CF2000013D46EA08764FEA181856EA0803F2D19E
:10CF30003AAB1B1B55460093C0E506F00703F60805
:10CF400046EA48764FEAD808303356EA08012246C6
:10CF500004F8013DF1D11AF0010FE9D0302BE7D0F0
:10CF60003023023A04F8013C3AAB9B1A5546009331
:10CF70001446A3E5009911940123129110910F9387
:10CF80000DF1440909F10809C6E6019BA3EB080667
:10CF9000002E7FF7A0AE102E40F36283DFF8E8A1E9
:10CFA0005346CDE90445BA4618EE904A18EE105A99
:10CFB000084696461F4607E00EF1020C09F10809E3
:10CFC0009646103E102E1FDD0EF101021030102388
:10CFD000072ACDE90F20C9F80070C9F80430EBDD4D
:10CFE0000EAA002800F09580294620460DF144093C
:10CFF000FFF714FC00287FF4F2ADDDE90FE0103EEE
:10D00000102E0EF1010CDFDCDDE904453B46014644
:10D0100057469A463144BCF1070FCDE90FC1C9F814
:10D0200000A0C9F8046040F3AD81002900F0CA8275
:10D0300018EE101A18EE900A0EAAFFF7EFFB002860
:10D040007FF4CDAD009BDDE90F21ABEB0306002E95
:10D0500002F101000DF144097FF743AE102EDFF815
:10D0600028A137DD5346CDE90445BA4618EE904A6B
:10D0700018EE105A4FF0100B084694461F4607E072
:10D080000CF1020E09F108099446103E102E1ADD2B
:10D090000CF101021030072AC9E9007BCDE90F200D
:10D0A000EEDD0EAA20B3294620460DF14409FFF714
:10D0B000B5FB00287FF493ADDDE90FC0103E102EC4
:10D0C0000CF1010EE4DCDDE904453B460146574620
:10D0D00070469A4631440728CDE90F01C9F800A0EF
:10D0E000C9F8046000F3F28009F108090130F8E59D
:10D0F0004FF0010E84460DF14409C6E718EE101AF0
:10D1000018EE900A0EAAFFF789FB00283FF416AE2E
:10D1100065E54FF0010C86460DF1440951E7002901
:10D1200000F0E78018EE101A18EE900A0EAAFFF72A
:10D1300075FB00287FF453ADDDE90F210DF14409A3
:10D14000501CA4E502210DAB1291119301200DF1A9
:10D150004409024609F10809501CB8E5102E40F3B5
:10D160005A82DDE90FC1DFF824A0CDF828B00B9575
:10D17000A34618EE105A5446102318EE90AA0846FB
:10D180000EE000BF0CE80008E4EA0008D4EA00085A
:10D190000CF1020E09F108099446103E102E1CDD18
:10D1A0000CF101021030072AC9E90043CDE90F2034
:10D1B000EEDD0EAA30B3294650460DF14409FFF7C3
:10D1C0002DFB00287FF40BADDDE90FC0103E102EC3
:10D1D0000CF1010E4FF01003E2DCA2460B9D5C4601
:10D1E000DDF828B0014672463144072ACDE90F2107
:10D1F000C9F800A0C9F8046000F3AB8009F1080980
:10D20000501C2FE584464FF0010E0DF14409C4E790
:10D210006C070F9152D5019BA3EB0804002C4DDD48
:10D220000DF14409102C40F30882DFF85CA40F9A3A
:10D230000B46BB464946574618EE109A18EE90AA80
:10D24000102505E0901C08313246103C102C18DDEA
:10D25000561C1033072EC1E90075CDE90F63F1DDCF
:10D260000EAA3BB349465046FFF7D8FA00287FF490
:10D27000B6ACDDE90F23103C102C02F1010011A91E
:10D28000E6DC8946BA4619465F4621440728C9E9C3
:10D2900000A4CDE90F017FF747AD79B118EE101A60
:10D2A00018EE900A0EAAFFF7B9FA00287FF497AC9F
:10D2B000109939E501201A4611A9C6E7DDE90123D5
:10D2C0004245ACBF9B184344029337E500293FF425
:10D2D00051AE18EE101A18EE900A0EAAFFF79EFA39
:10D2E00000287FF47CAC0F98109901300DF14409AF
:10D2F000F7E4049B002B79D101200A460DF1440983
:10D30000E5E40F920DF1440951E4BBF1000F7FF405
:10D31000CDAB55464FF0000BCDF800B03AACFFF75F
:10D32000CDBB1AF010033CD11AF0400200F00C8182
:10D33000039A52F8046B03929846B6B2012308E4AC
:10D340002D2376428DF8333068EB4808AA46012336
:10D3500003E400297FD018EE101A18EE900A0EAAE6
:10D36000FFF75CFA00287FF43AACDDE90F210DF1FC
:10D370004409501C76E403933B78FFF7EABA3AACD1
:10D38000FFF79CBB09F108090CF101006246A2E419
:10D39000AA0500F12F814FEAE3781E464346FFF7C6
:10D3A00073BB039B53F8046B03930123FFF7D1BBBB
:10D3B000079B002B3FF453AB079B1B78002B3FF4DC
:10D3C0004EAB3B7845F48065FFF7C3BADDE9021642
:10D3D00056F8042B0396CB17C2E90013FFF79ABA4D
:10D3E000039B53F8046B0393FFF7B0BB02210DAB13
:10D3F000129111930DF14409ACE6A04A069215F082
:10D40000200836D0039E073626F007063246D6F8A7
:10D41000048052F8086B0392EA0709D556EA08021D
:10D4200006D08DF83530302345F002058DF83430C4
:10D4300025F4806A0223FFF78CBBAA46FFE4904ADA
:10D440000692DCE720460396F3F73AFE4FF0000B16
:10D450000090FFF733BB9DF83320002A00F0B8801E
:10D4600001200DF13302129011920DF14409014691
:10D4700009E415F0100242D0039A52F8046B0392AB
:10D48000CAE70AF48063CDF800B0CDF81090BB462F
:10D49000DDF81C9000253AAC1F4609E030464146B5
:10D4A000F3F78AFB0A2E78F100031BD30646884661
:10D4B000304641460A220023F3F77EFB1146303105
:10D4C00004F8011C0A220023013C0135002FE5D09D
:10D4D00099F80010A942E1D1FF2DDFD00A2E78F192
:10D4E00000035BD23AAB1B1BCDF81C905F46DDF806
:10D4F0001090DDF800B000935546FFF7DFBA15F045
:10D5000040013ED0039951F8046B03919046B6B2A6
:10D5100082E7AA46FFF7C5BA012BAA467FF4F7AC0B
:10D52000FFF7C4BA039E029A56F8043B1A600396AA
:10D53000FFF7F0B95B46062B28BF0623514C00933A
:10D5400003969846FFF779BB039B1AF4007814BF43
:10D5500053F8046B53F8046B03931CBF9046F6B268
:10D560000123FFF7F6BA039B15F4007814BF53F8B4
:10D57000046B53F8046B03931CBF9046F6B2FFF79D
:10D58000E5BA039A15F4007814BF52F8046B52F808
:10D59000046B03921CBF8846F6B23DE7099B0899CD
:10D5A000E41A1A462046FEF797FD99F801300BB1B0
:10D5B00009F10109304641460A2200230025F3F70C
:10D5C000FBFA73E701200A460DF14409FFF783BB1C
:10D5D000049B002B7FF4B6AD0A4601200DF14409EF
:10D5E000FFF779BB039E029A56F8043B03961A8014
:10D5F000FFF790B943F3C0185EB24346FFF744BA51
:10D60000886DFAF771FFFFF784BACDF800B0039682
:10D610008346FFF753BA0F9A1099DFF86CA00132D6
:10D62000E2E518EE101A18EE900A0EAAFFF7F6F8C7
:10D6300000283FF4D2AAFFF7D2BA0F98DFF848A02B
:10D64000013022E66B6EDB0705D4AB899F0502D45F
:10D65000A86DFAF749FF4FF0FF330293FFF7C9BAFD
:10D66000DFF828A08446D5E4039A7B780F4652F869
:10D67000041B039241EAE17BFFF76BB920E8000845
:10D680000CE8000834E80008D4EA0008E4EA0008DE
:10D6900070B50C468989ADF58E6D21F00201ADF8AB
:10D6A0001410616E1B91E189ADF81610E1690991C2
:10D6B000616A0B911CA9029106914FF480610646A4
:10D6C0000491079118A80021CDE900320891FAF7DA
:10D6D00005FFDDE9003202A93046FFF7DBF8051E41
:10D6E00007DB02A9304600F02BF9002818BF4FF0E5
:10D6F000FF35BDF814305B0603D5A38943F0400322
:10D70000A3811898FAF7ECFE28460DF58E6D70BDD2
:10D7100049B1FF2A02D80A70012070478A230360AA
:10D720004FF0FF3070470846704700BF38B5334BA5
:10D730001B6805460C460BB19A6B12B3B4F90C305A
:10D7400018079AB225D5216900292DD012F00100C1
:10D7500007D00020A06060694042A06139B100207C
:10D7600038BD950758BF6069A0600029F7D112063F
:10D7700058BF0846F4D543F04003A3814FF0FF3073
:10D7800038BD184600F010F9B4F90C3018079AB2F9
:10D79000D9D4D1062AD5520714D4216943F00803FD
:10D7A000A3819AB20029D1D102F42070B0F5007F94
:10D7B000CCD02146284600F0ADFBB4F90C302169ED
:10D7C0009AB2C3E7216B51B104F14002914204D0F7
:10D7D0002846FDF7BBFCB4F90C3000222263216916
:10D7E0000022C4E9001223F02403D7E7092243F002
:10D7F00040032A604FF0FF30A38138BD14000020A1
:10D8000008B5062000F0F6FB0120F4F781F900BF0F
:10D81000B1F90C202DE9F0410C461107804647D4A0
:10D82000636842F40062002BA2815EDDA56A002DD0
:10D8300058D00023D8F80060C8F8003093B212F432
:10D84000805256D10123E1694046A847431C67D066
:10D85000A389A56A5F0705D56368C01A236B0BB15E
:10D86000E36BC01AE169024600234046A847411C09
:10D8700041D1D8F80030002B3DD01D2B01D0162B04
:10D8800056D1A3892269226023F4006300216160DC
:10D89000A381216BC8F8006021B304F140039942D1
:10D8A00002D04046FDF752FC00202063BDE8F08125
:10D8B0002669BEB193B2256826609A070CBF6369DA
:10D8C0000023AD1BA3600BE02B463246E169676A7B
:10D8D0004046B847B0F1000CA5EB0C05664417DDD7
:10D8E000002DF1DC0020BDE8F081E36B002B9DDC16
:10D8F000F8E7206DAEE7B4F90C302269226023F41A
:10D900000063A3810022DB046260C2D52065C0E70A
:10D91000A38943F040034FF0FF30A381BDE8F081BD
:10D92000D8F80030002B93D01D2B06D0162B04D036
:10D93000A38943F04003A381D5E7C8F80060D1E78D
:10D9400038B50C46054608B1836BA3B1B4F90C0099
:10D95000B8B1636EDB0701D4810515D52846214691
:10D96000FFF756FF636EDA07054602D4A3899B05CD
:10D970000ED5284638BD00F017F8B4F90C00002881
:10D98000E7D10546284638BDA06DFAF7ABFDE5E7BF
:10D99000A06DFAF7A9FD284638BD00BF014900F087
:10D9A00095BA00BF49E200082DE9F04782463948A0
:10D9B000FAF798FDDAF83840002C66D1DAF804500E
:10D9C000354ACAF83C200323CAE9B843DFF8DC90A3
:10D9D000DFF8DC80314F324E04230AF53B72CAF87F
:10D9E000E8222146C5E90243C5E90044C5E90444EB
:10D9F0006C660822AC6105F15C00FAF7BFFCC5E972
:10DA00000759C5E90987EE6205F15800FAF766FD86
:10DA1000DAF80850234BEB602146C5E90044C5E91C
:10DA200004446C66AC60AC61082205F15C00FAF756
:10DA3000A5FCC5E90759C5E90987EE6205F158005B
:10DA4000FAF74CFDDAF80C50174BEB602146C5E9AC
:10DA50000044C5E904446C66AC60AC61082205F181
:10DA60005C00FAF78BFC05F15800C5E90759C5E9D8
:10DA70000A76C5F82480FAF731FD0123CAF8383058
:10DA80000448BDE8F047FAF72FBDBDE8F04701486C
:10DA9000FAF72ABD44A500209DD90008E5E000085A
:10DAA00005E10008090001001200020081E0000801
:10DAB000A5E000080148FAF715BD00BF40A5002009
:10DAC0000148FAF711BD00BF40A500202DE9F0473D
:10DAD00082B0824688461446FEF71CFC012803D11A
:10DAE00008F1FF33FE2B36D9424604F15C0301A94D
:10DAF000504600F063FB421C064632D030B39DF81E
:10DB000004C00DF10509002509E023685A1C2260B4
:10DB100083F800C00135B54218D219F801CBA368CB
:10DB2000013B002BA360F0DAA769BB4261462246A5
:10DB3000504602DBBCF10A0FE7D100F0E7FA431CC4
:10DB4000E8D10646304602B0BDE8F087464630468A
:10DB500002B0BDE8F0875FFA88FC8DF804C0064685
:10DB6000CFE7A389304643F04003A38102B0BDE86C
:10DB7000F08700BF30B5536E13F0010FB2F90C30CF
:10DB8000144683B005469AB201D198051CD590047D
:10DB900006D4626E43F4005342F40052A3816266DD
:10DBA00022462846FFF792FF636EDA07054602D445
:10DBB000A3899B0502D5284603B030BDA06DFAF7B6
:10DBC00093FC284603B030BDA06D0191FAF78AFCA2
:10DBD000B4F90C3001999AB2D9E700BF9368002BD1
:10DBE00000F085802DE9F04FB1F90C300C46190793
:10DBF000804683B0174698B225D523691BB310F031
:10DC000002033D682DD04FF0000ADFF8BCB2564643
:10DC1000B9465E453346524628BF5B464046002E15
:10DC200052D0E169676AB847002856DDD9F8083054
:10DC30001B1A8244361AC9F80830002BE9D100209B
:10DC400003B0BDE8F08F21464046FFF76FFD002886
:10DC500040F03681B4F90C303D6898B210F0020300
:10DC6000D1D110F0010944D14E46009746B3820548
:10DC7000D4F808B040F18380B3455A4600F2B28030
:10DC800010F4906F40F0BF80206801924946FEF783
:10DC90005DFBA368019AA3EB0B012368A160134409
:10DCA000B24623600026009B9868A0EB0A00D1448E
:10DCB00098600028C3D0B4F90C0080B2002ED6D1F1
:10DCC000D5E900960835D1E7D5E900A60835A0E7E3
:10DCD00021464046FFF734FE80B3B4F90C3043F0E0
:10DCE00040034FF0FF30A38103B0BDE8F08F002068
:10DCF00070471E46AA46994618461D46009756B3D9
:10DD000088B34A46D4E904132068B24228BF324699
:10DD1000884205D9A16803EB010B5A4500F3A680A0
:10DD2000934263DCE169676A2A464046B847B0F12E
:10DD3000000BD2DDB9EB0B09CAD00120009A936821
:10DD4000A3EB0B035D44A6EB0B069360002B3FF4A3
:10DD500076AF002ED4D10AF1080353E902569A4651
:10DD60000833002EF9D032460A212846F3F740F94D
:10DD7000002800F09C800130A0EB0509C1E7206875
:10DD80002369984216D86369B34213D86FF00042F2
:10DD9000B24228BF3246E16992FBF3F2676A02FBA6
:10DDA00003F340464A46B847B0F1000A95DDA6EBBA
:10DDB0000A0678E7B345DA4628BFB24652464946D6
:10DDC000FEF7C4FAA3682268A3EB0A035244A360D7
:10DDD0002260002BEBD121464046FFF7B1FD002821
:10DDE000E5D07AE72068B34632464EE729460192ED
:10DDF000FEF7ACFA019AA3689B1AA3602368134448
:10DE00002360934696E723682169A3EB010B6369BE
:10DE100003EB430A0AEBDA7A0BF101034FEA6A0AD1
:10DE200033445345524684BF9A46524643052CD547
:10DE300011464046FDF794FA00283BD05A46216926
:10DE40000190F3F73BF8A289019B22F4906242F023
:10DE50008002A28103EB0B002361AAEB0B03C4F841
:10DE600014A0A3602060B34632460EE729465A4606
:10DE7000FEF76CFA23685B44236021464046FFF7B7
:10DE80005FFD00283FF456AF27E74046FEF7DAFA79
:10DE900003460028DED121694046FDF757F9B4F961
:10DEA0000C300C2223F08003C8F8002017E7721C06
:10DEB000914627E70C22B4F90C30C8F800200EE791
:10DEC0004FF0FF30BCE600BF00FCFF7F2DE9F843B8
:10DED0000746884600F538764FF00009D6E9015428
:10DEE000013D11D4A389012B05F1FF3508D9B4F9FF
:10DEF0000E300133214603D03846C04749EA0009B5
:10DF00006B1C04F16804EDD13668002EE6D148465A
:10DF1000BDE8F8832DE9F0418B890C46990796B04E
:10DF200008D504F143030122C4E90432236016B08A
:10DF3000BDE8F081B4F90E100029064627DB6A46D9
:10DF400000F0E8F9002821DB019D05F47045A5F5F6
:10DF50000055B5FA85F54FF480686D094FF40067F8
:10DF600041463046FDF7FCF9B4F90C30F0B1204AD7
:10DF7000F26343F08003C4F81480A3812060206121
:10DF800035BB3B43A38116B0BDE8F081A38913F0F4
:10DF9000800519D04FF0400841463046FDF7E0F9C2
:10DFA0000025B4F90C302F460028E0D19A05BED4E4
:10DFB00023F0030304F1430243F002030121C4E907
:10DFC0000421A3812260B2E74FF480682F46C7E79F
:10DFD000B4F90E10304600F0B3F910B9B4F90C30B2
:10DFE000CFE7A38923F0030343F001031BB2C8E783
:10DFF0009DD9000838B5154B1F281D6820D8D5F8C5
:10E00000DC22044662B152F820304BB1012B15D00E
:10E01000591C0FD0002542F820509847284638BD9B
:10E02000284600F02BF8224601462846BDE8384035
:10E0300000F00EB816232B60012038BD002038BD3B
:10E0400016232B604FF0FF3038BD00BF14000020B6
:10E0500070B50C46084D03460026204611461C4666
:10E060002E60F3F74DFD431C00D070BD2B68002BD4
:10E07000FBD0236070BD00BF7CA50020F3F73EBD40
:10E0800010B50C46B1F90E1000F082F9002803DB40
:10E09000236D0344236510BDA38923F48053A3811A
:10E0A00010BD00BF2DE9F0410C46B1F90C101F4620
:10E0B000CB05054616460BD421F48051A1813B4681
:10E0C000B4F90E1032462846BDE8F04100F094B88D
:10E0D000B4F90E100223002200F044F9B4F90C1038
:10E0E000EAE700BF10B50C46B1F90E1000F03AF99E
:10E0F000A389421C0EBF23F4805343F48053206550
:10E10000A38110BDB1F90E1000F08CB8F8B50D4622
:10E110001446064610B1836B002B43D0B4F90C2093
:10E12000A369A360170790B21BD52369CBB1EDB2E9
:10E1300081042F4622D522686169D31A994229DDCC
:10E140000133A1680139A160511C21601570626919
:10E150009A422AD0A389DB0701D50A2D25D038465B
:10E16000F8BD21463046FFF7E1FA20BBB4F90C2098
:10E17000236990B2EDB281042F46DCD442F4005200
:10E18000A281626E616922F4005262662268D31A2B
:10E190009942D5DC21463046FFF7D2FB58B92268B8
:10E1A0000123CEE7FFF700FCB8E721463046FFF732
:10E1B000C7FB0028D3D04FF0FF37D0E770B5054636
:10E1C00084B01C4639B10B4ED6F8E060B047431C12
:10E1D00009D004B070BD0A460649D1F8E06001A933
:10E1E000B047431CF5D100228A2322602B6004B083
:10E1F00070BD00BF5408002038B50C46084D844659
:10E20000114620461A4600232B606446F3F796FC1D
:10E21000431C00D038BD2B68002BFBD0236038BDD9
:10E220007CA5002038B5074D0022044608462A6028
:10E23000F3F792FC431C00D038BD2B68002BFBD0B9
:10E24000236038BD7CA5002070B500294BD0064660
:10E250000C4610B1836B002B48D0636ED80734D5C1
:10E26000B4F90C30002B3ED021463046FFF7D0FAEF
:10E27000E36A054633B1E169304698470028B8BFE4
:10E280004FF0FF35A3891A063BD4216B41B104F14D
:10E290004003994202D03046FCF758FF0023236325
:10E2A000616C21B13046FCF751FF00236364FFF736
:10E2B00001FC636E0022DB07A28127D5A06DFAF76F
:10E2C0000FF9FFF7FDFB284670BDA3899905CBD454
:10E2D000A06DFAF707F9B4F90C30002BC4D1656EC4
:10E2E00015F0010508D00025284670BDFFF75CFB3E
:10E2F000636ED807B4D4E8E7A06DFAF7F5F82846BE
:10E3000070BD21693046FCF721FFBEE7A06DFAF72A
:10E31000EBF8D3E770B50C46084D034600262046BF
:10E3200011461C462E60F3F71AFC431C00D070BD4A
:10E330002B68002BFBD0236070BD00BF7CA50020A4
:10E3400038B5074D0022044608462A60F3F70CFC56
:10E35000431C00D038BD2B68002BFBD0236038BD98
:10E360007CA5002038B50C46084D84461146204651
:10E370001A4600232B606446F3F7F8FB431C00D0D9
:10E3800038BD2B68002BFBD0236038BD7CA5002056
:10E3900038B50C46084D8446114620461A460023DF
:10E3A0002B606446F3F7BAFB431C00D038BD2B68E2
:10E3B000002BFBD0236038BD7CA50020F8B500BF42
:10E3C000F8BC08BC9E467047F8B500BFF8BC08BC56
:04E3D0009E467047AE
:10E3D8002CE40008F57F000802000000000000009F
:10E3E80000080000000000000000000038E40008F9
:10E3F8005D7D000802000000000000000008000029
:10E40800000000000000000048E40008298200081D
:10E41800FDFF0000000000000008000000000000F0
:10E428000000000055736172745461736B00000042
:10E43800416C676F726974686D5461736B0000009A
:10E4480053656E645461736B0000000000000000A7
:10E45800000000000102030406070809000000008C
:10E4680001020304000610160006101649444C4524
:10E4780000000000005EBCE2613FDD83C29C7E209C
:10E48800A3FD1F419DC3217FFCA2401E5F01E3BD88
:10E498003E6082DC237D9FC1421CFEA0E1BF5D037C
:10E4A80080DE3C62BEE0025CDF81633D7C22C09E70
:10E4B8001D43A1FF4618FAA427799BC584DA38665C
:10E4C800E5BB5907DB856739BAE406581947A5FB48
:10E4D8007826C49A653BD987045AB8E6A7F91B453C
:10E4E800C6987A24F8A6441A99C7257B3A6486D830
:10E4F8005B05E7B98CD2306EEDB3510F4E10F2AC1C
:10E508002F7193CD114FADF3702ECC92D38D6F3107
:10E51800B2EC0E50AFF1134DCE90722C6D33D18FFB
:10E528000C52B0EE326C8ED0530DEFB1F0AE4C12EF
:10E5380091CF2D73CA947628ABF517490856B4EADB
:10E548006937D58B5709EBB536688AD495CB2977C7
:10E55800F4AA4816E9B7550B88D6346A2B7597C9BB
:10E568004A14F6A8742AC896154BA9F7B6E80A54AF
:10E57800D7896B350000891112239B322446AD5789
:10E588003665BF74488CC19D5AAF53BE6CCAE5DB73
:10E598007EE9F7F88110080193331A22A5562C4713
:10E5A800B7753E64C99C408DDBBF52AEEDDA64CBD3
:10E5B800FFF976E802218B30100299132667AF76AF
:10E5C8003444BD554AADC3BC588ED19F6EEBE7FAB3
:10E5D8007CC8F5D983310A2091121803A7772E66D3
:10E5E800B5543C45CBBD42ACD99E508FEFFB66EA93
:10E5F800FDD874C904428D5316619F702004A91573
:10E608003227BB364CCEC5DF5EEDD7FC6888E19972
:10E618007AABF3BA85520C4397711E60A114280592
:10E62800B3373A26CDDE44CFDFFD56ECE998608952
:10E63800FBBB72AA06638F7214409D512225AB342E
:10E648003006B9174EEFC7FE5CCCD5DD6AA9E3B832
:10E65800788AF19B87730E6295501C41A3352A2452
:10E66800B1163807CFFF46EEDDDC54CDEBB962A812
:10E67800F99A708B088481951AA793B62CC2A5D3F2
:10E688003EE1B7F04008C919522BDB3A644EED5F02
:10E69800766DFF7C899400859BB712A6ADD224C302
:10E6A800BFF136E0C1184809D33B5A2AE55E6C4FE2
:10E6B800F77D7E6C0AA583B4188691972EE3A7F29E
:10E6C8003CC0B5D14229CB38500AD91B666FEF7EC2
:10E6D800744CFD5D8BB502A499961087AFF326E2C2
:10E6E800BDD034C1C3394A28D11A580BE77F6E6EA2
:10E6F800F55C7C4D0CC685D71EE597F42880A19162
:10E708003AA3B3B2444ACD5B5669DF78600CE91D81
:10E71800722FFB3E8DD604C79FF516E4A990208181
:10E72800BBB332A2C55A4C4BD7795E68E11C680D61
:10E73800F33F7A2E0EE787F61CC495D52AA1A3B01D
:10E748003882B193466BCF7A5448DD59622DEB3C41
:10E75800700EF91F8FF706E69DD414C5ABB122A041
:10E76800B9923083C77B4E6AD5585C49E33D6A2C21
:10E77800F11E780FB5A5C8A63D252E3266A1E32067
:10E788007C20C0DBBCC6D4ADCABCD6B53D25642050
:10E798007C20C8A6CAFD3D2564207C20D7DCBDC7E7
:10E7A800B6C83D252E3266A1E30D0A00E58D95E534
:10E7B8009C883D252E3266C2B0207C20E7B4AFE8A5
:10E7C800AEA1E58E9FE5A78BE580BC3D2564207C46
:10E7D80020E59C88E695B03D2564207C20E680BB3A
:10E7E800E8A792E5BAA63D252E3266C2B00D0A000A
:10E7F80018000020494E4600696E66004E414E00E2
:10E808006E616E00303132333435363738396162F3
:10E8180063646566000000003031323334353637C2
:10E82800383941424344454600000000286E756C63
:10E838006C2900003000000020202020202020200B
:10E848002020202020202020303030303030303040
:10E8580030303030303030304E614E00496E6669AD
:10E868006E6974790000000042616C6C6F632073FC
:10E878007563636565646564000000002F6D6E74E0
:10E888002F776F726B73706163652F776F726B731D
:10E89800706163652F4743432D31302D7069706572
:10E8A8006C696E652F6A656E6B696E732D4743439D
:10E8B8002D31302D706970656C696E652D33333874
:10E8C8005F32303231313031385F313633343531BF
:10E8D800363230332F7372632F6E65776C69622F0F
:10E8E8006E65776C69622F6C6962632F7374646CF0
:10E8F80069622F64746F612E630000002F6D6E745F
:10E908002F776F726B73706163652F776F726B739C
:10E91800706163652F4743432D31302D70697065F1
:10E928006C696E652F6A656E6B696E732D4743431C
:10E938002D31302D706970656C696E652D333338F3
:10E948005F32303231313031385F3136333435313E
:10E95800363230332F7372632F6E65776C69622F8E
:10E968006E65776C69622F6C6962632F7374646C6F
:10E9780069622F6D707265632E63000000000000ED
:10E988000080E03779C34143176E05B5B5B89346A3
:10E99800F5F93FE9034F384D321D30F94877825A6F
:10E9A8003CBF737FDD4F1575000000000000F03F8D
:10E9B8000000000000002440000000000000594052
:10E9C8000000000000408F40000000000088C340A5
:10E9D80000000000006AF8400000000080842E411A
:10E9E80000000000D01263410000000084D7974166
:10E9F8000000000065CDCD41000000205FA002426C
:10EA0800000000E876483742000000A2941A6D42E0
:10EA1800000040E59C30A2420000901EC4BCD642D3
:10EA280000003426F56B0C430080E03779C341437E
:10EA380000A0D8855734764300C84E676DC1AB43F4
:10EA4800003D9160E458E143408CB5781DAF154412
:10EA580050EFE2D6E41A4B4492D54D06CFF08044ED
:10EA6800F64AE1C7022DB544B49DD9794378EA4402
:10EA780005000000190000007D0000002C206675CC
:10EA88006E6374696F6E3A200000000061737365ED
:10EA98007274696F6E2022257322206661696C6525
:10EAA800643A2066696C6520222573222C206C69E3
:10EAB8006E65202564257325730A00004300000055
:10EAC800504F5349580000002E00000020202020FD
:10EAD80020202020202020202020202030303030EE
:10EAE800303030303030303030303030002020207E
:10EAF80020202020202028282828282020202020E6
:10EB080020202020202020202020202020881010B5
:10EB18001010101010101010101010101004040411
:10EB280004040404040404101010101010104141CF
:10EB380041414141010101010101010101010101BD
:10EB480001010101010101011010101010104242D1
:10EB5800424242420202020202020202020202028D
:10EB6800020202020202020210101010200000002D
:10EB7800000000000000000000000000000000008D
:10EB8800000000000000000000000000000000007D
:10EB9800000000000000000000000000000000006D
:10EBA800000000000000000000000000000000005D
:10EBB800000000000000000000000000000000004D
:10EBC800000000000000000000000000000000003D
:10EBD800000000000000000000000000000000002D
:10EBE800000000000000000000000000000000001D
:08EBF800F01FFF7F0100000087
:08EC000091840008E501000801
:04EC0800C10100083E
:10EC0C000024F4000100000010000000AAAAAAAA27
:10EC1C00FFFF00001800002000000000040300208B
:10EC2C006C030020D4030020000000000000000052
:10EC3C0000000000000000000000000000000000C8
:10EC4C0000000000000000000000000000000000B8
:10EC5C0000000000000000000000000000000000A8
:10EC6C000000000000000000000000000000000098
:10EC7C000000000000000000000000000000000088
:10EC8C000000000000000000000000000000000078
:10EC9C000000000000000000000000000000000068
:10ECAC000000000000000000000000000000000058
:10ECBC000000000000000000000000000000000048
:10ECCC0001000000000000000E33CDAB34126DE6E5
:10ECDC00ECDE05000B00000000000000000000004E
:10ECEC000000000000000000000000000000000018
:10ECFC000000000000000000000000000000000008
:10ED0C0000000000000000000000000000000000F7
:10ED1C0000000000000000000000000000000000E7
:10ED2C0000000000000000000000000000000000D7
:10ED3C0000000000000000000000000000000000C7
:10ED4C0000000000000000000000000000000000B7
:10ED5C0000000000000000000000000000000000A7
:10ED6C000000000000000000000000000000000097
:10ED7C000000000000000000000000000000000087
:10ED8C000000000000000000000000000000000077
:10ED9C000000000000000000000000000000000067
:10EDAC000000000000000000000000000000000057
:10EDBC000000000000000000000000000000000047
:10EDCC000000000000000000000000000000000037
:10EDDC000000000000000000000000000000000027
:10EDEC000000000000000000000000000000000017
:10EDFC000000000000000000000000000000000007
:10EE0C0000000000000000000000000000000000F6
:10EE1C0000000000000000000000000000000000E6
:10EE2C0000000000000000000000000000000000D6
:10EE3C0000000000000000000000000000000000C6
:10EE4C0000000000000000000000000000000000B6
:10EE5C0000000000000000000000000000000000A6
:10EE6C000000000000000000000000000000000096
:10EE7C000000000000000000000000000000000086
:10EE8C000000000000000000000000000000000076
:10EE9C000000000000000000000000000000000066
:10EEAC000000000000000000000000000000000056
:10EEBC000000000000000000000000000000000046
:10EECC000000000000000000000000000000000036
:10EEDC000000000000000000000000000000000026
:10EEEC000000000000000000000000000000000016
:10EEFC000000000000000000000000000000000006
:10EF0C0000000000000000000000000000000000F5
:10EF1C0000000000000000000000000000000000E5
:10EF2C0000000000000000000000000000000000D5
:10EF3C0000000000000000000000000000000000C5
:10EF4C0000000000000000000000000000000000B5
:10EF5C0000000000000000000000000000000000A5
:10EF6C000000000000000000000000000000000095
:10EF7C000000000000000000000000000000000085
:10EF8C000000000000000000000000000000000075
:10EF9C000000000000000000000000000000000065
:10EFAC000000000000000000000000000000000055
:10EFBC000000000000000000000000000000000045
:10EFCC000000000000000000000000000000000035
:10EFDC000000000000000000000000000000000025
:10EFEC000000000000000000000000000000000015
:10EFFC000000000000000000000000000000000005
:10F00C0000000000000000000000000000000000F4
:10F01C0000000000000000000000000000000000E4
:10F02C0000000000000000000000000000000000D4
:10F03C0000000000000000000000000000000000C4
:10F04C0038A500200000000000000000440400204F
:10F05C00440400204C0400204C04002054040020E4
:10F06C00540400205C0400205C0400206404002094
:10F07C00640400206C0400206C0400207404002044
:10F08C00740400207C0400207C04002084040020F4
:10F09C00840400208C0400208C04002094040020A4
:10F0AC00940400209C0400209C040020A404002054
:10F0BC00A4040020AC040020AC040020B404002004
:10F0CC00B4040020BC040020BC040020C4040020B4
:10F0DC00C4040020CC040020CC040020D404002064
:10F0EC00D4040020DC040020DC040020E404002014
:10F0FC00E4040020EC040020EC040020F4040020C4
:10F10C00F4040020FC040020FC0400200405002072
:10F11C00040500200C0500200C050020140500201F
:10F12C00140500201C0500201C05002024050020CF
:10F13C00240500202C0500202C050020340500207F
:10F14C00340500203C0500203C050020440500202F
:10F15C00440500204C0500204C05002054050020DF
:10F16C00540500205C0500205C050020640500208F
:10F17C00640500206C0500206C050020740500203F
:10F18C00740500207C0500207C05002084050020EF
:10F19C00840500208C0500208C050020940500209F
:10F1AC00940500209C0500209C050020A40500204F
:10F1BC00A4050020AC050020AC050020B4050020FF
:10F1CC00B4050020BC050020BC050020C4050020AF
:10F1DC00C4050020CC050020CC050020D40500205F
:10F1EC00D4050020DC050020DC050020E40500200F
:10F1FC00E4050020EC050020EC050020F4050020BF
:10F20C00F4050020FC050020FC050020040600206D
:10F21C00040600200C0600200C060020140600201A
:10F22C00140600201C0600201C06002024060020CA
:10F23C00240600202C0600202C060020340600207A
:10F24C00340600203C0600203C060020440600202A
:10F25C00440600204C0600204C06002054060020DA
:10F26C00540600205C0600205C060020640600208A
:10F27C00640600206C0600206C060020740600203A
:10F28C00740600207C0600207C06002084060020EA
:10F29C00840600208C0600208C060020940600209A
:10F2AC00940600209C0600209C060020A40600204A
:10F2BC00A4060020AC060020AC060020B4060020FA
:10F2CC00B4060020BC060020BC060020C4060020AA
:10F2DC00C4060020CC060020CC060020D40600205A
:10F2EC00D4060020DC060020DC060020E40600200A
:10F2FC00E4060020EC060020EC060020F4060020BA
:10F30C00F4060020FC060020FC0600200407002068
:10F31C00040700200C0700200C0700201407002015
:10F32C00140700201C0700201C07002024070020C5
:10F33C00240700202C0700202C0700203407002075
:10F34C00340700203C0700203C0700204407002025
:10F35C00440700204C0700204C07002054070020D5
:10F36C00540700205C0700205C0700206407002085
:10F37C00640700206C0700206C0700207407002035
:10F38C00740700207C0700207C07002084070020E5
:10F39C00840700208C0700208C0700209407002095
:10F3AC00940700209C0700209C070020A407002045
:10F3BC00A4070020AC070020AC070020B4070020F5
:10F3CC00B4070020BC070020BC070020C4070020A5
:10F3DC00C4070020CC070020CC070020D407002055
:10F3EC00D4070020DC070020DC070020E407002005
:10F3FC00E4070020EC070020EC070020F4070020B5
:10F40C00F4070020FC070020FC0700200408002063
:10F41C00040800200C0800200C0800201408002010
:10F42C00140800201C0800201C08002024080020C0
:10F43C00240800202C0800202C0800203408002070
:10F44C00340800203C0800203C080020FFFFFFFF90
:10F45C00000002004300000000000000000000005B
:10F46C000000000000000000000000000000000090
:10F47C00000000004300000000000000000000003D
:10F48C000000000000000000000000000000000070
:10F49C00000000004300000000000000000000001D
:10F4AC000000000000000000000000000000000050
:10F4BC0000000000430000000000000000000000FD
:10F4CC000000000000000000000000000000000030
:10F4DC0000000000430000000000000000000000DD
:10F4EC000000000000000000000000000000000010
:10F4FC0000000000430000000000000000000000BD
:10F50C0000000000000000000000000000000000EF
:10F51C00000000004300000000000000000000009C
:10F52C0000000000000000000000000000000000CF
:10F53C000000000011D7000821C3000800000000E3
:10F54C00F4EA0008D0EA000890EA000890EA000803
:10F55C0090EA000890EA000890EA000890EA000897
:10F56C0090EA000890EA000890EA0008FFFFFFFF0D
:10F57C00FFFFFFFFFFFFFFFFFFFF000001004153F4
:10F58C00434949000000000000000000000000009A
:10F59C0000000000000000000000000000004153CB
:10F5AC00434949000000000000000000000000007A
:10F5BC00000000000000000000000000000000003F
:04000005080021B11D
:00000001FF
